{"1": [53, 54, 57, 58, 93, 94, 95, 96],
                          "2": [49, 50, 51, 52, 89, 90, 91, 92],
                          "3": [7, 8, 25, 26, 27, 28, 55, 56],
                          "4": [29, 30, 31, 32, 59, 60, 61, 62],
                          "5": [47, 48, 83, 84, 85, 86, 87, 88],
                          "6": [5, 6, 19, 20, 21, 22, 23, 24],
                          "7": [1, 2, 9, 10, 11, 12, 13, 14],
                          "8": [33, 34, 63, 64, 65, 66, 67, 68],
                          "9": [43, 44, 45, 46, 79, 80, 81, 82],
                          "10": [3, 4, 15, 16, 17, 18, 39, 40],
                          "11": [35, 36, 37, 38, 69, 70, 71, 72],
                          "12": [41, 42, 73, 74, 75, 76, 77, 78]}