"probe_orientation [deg]","Freq [GHz]","dB(S(rf_spin_probe1_1:1,1:1)) []","ang_deg(S(rf_spin_probe1_1:1,1:1)) [deg]","dB(S(rf_spin_probe1_1:1,2:1)) []","ang_deg(S(rf_spin_probe1_1:1,2:1)) [deg]","dB(S(rf_spin_probe1_1:1,3:1)) []","ang_deg(S(rf_spin_probe1_1:1,3:1)) [deg]","dB(S(rf_spin_probe1_1:1,4:1)) []","ang_deg(S(rf_spin_probe1_1:1,4:1)) [deg]","dB(S(rf_spin_probe1_1:1,5:1)) []","ang_deg(S(rf_spin_probe1_1:1,5:1)) [deg]","dB(S(rf_spin_probe1_1:1,6:1)) []","ang_deg(S(rf_spin_probe1_1:1,6:1)) [deg]","dB(S(rf_spin_probe1_1:1,7:1)) []","ang_deg(S(rf_spin_probe1_1:1,7:1)) [deg]","dB(S(rf_spin_probe1_1:1,8:1)) []","ang_deg(S(rf_spin_probe1_1:1,8:1)) [deg]","dB(S(rf_spin_probe1_1:1,9:1)) []","ang_deg(S(rf_spin_probe1_1:1,9:1)) [deg]","dB(S(rf_spin_probe1_1:1,10:1)) []","ang_deg(S(rf_spin_probe1_1:1,10:1)) [deg]","dB(S(rf_spin_probe1_1:1,11:1)) []","ang_deg(S(rf_spin_probe1_1:1,11:1)) [deg]","dB(S(rf_spin_probe1_1:1,12:1)) []","ang_deg(S(rf_spin_probe1_1:1,12:1)) [deg]","dB(S(rf_spin_probe1_1:1,13:1)) []","ang_deg(S(rf_spin_probe1_1:1,13:1)) [deg]","dB(S(rf_spin_probe1_1:1,14:1)) []","ang_deg(S(rf_spin_probe1_1:1,14:1)) [deg]","dB(S(rf_spin_probe1_1:1,15:1)) []","ang_deg(S(rf_spin_probe1_1:1,15:1)) [deg]","dB(S(rf_spin_probe1_1:1,16:1)) []","ang_deg(S(rf_spin_probe1_1:1,16:1)) [deg]","dB(S(rf_spin_probe1_1:1,17:1)) []","ang_deg(S(rf_spin_probe1_1:1,17:1)) [deg]","dB(S(rf_spin_probe1_1:1,18:1)) []","ang_deg(S(rf_spin_probe1_1:1,18:1)) [deg]","dB(S(rf_spin_probe1_1:1,19:1)) []","ang_deg(S(rf_spin_probe1_1:1,19:1)) [deg]","dB(S(rf_spin_probe1_1:1,20:1)) []","ang_deg(S(rf_spin_probe1_1:1,20:1)) [deg]","dB(S(rf_spin_probe1_1:1,21:1)) []","ang_deg(S(rf_spin_probe1_1:1,21:1)) [deg]","dB(S(rf_spin_probe1_1:1,22:1)) []","ang_deg(S(rf_spin_probe1_1:1,22:1)) [deg]","dB(S(rf_spin_probe1_1:1,23:1)) []","ang_deg(S(rf_spin_probe1_1:1,23:1)) [deg]","dB(S(rf_spin_probe1_1:1,24:1)) []","ang_deg(S(rf_spin_probe1_1:1,24:1)) [deg]","dB(S(rf_spin_probe1_1:1,25:1)) []","ang_deg(S(rf_spin_probe1_1:1,25:1)) [deg]","dB(S(rf_spin_probe1_1:1,26:1)) []","ang_deg(S(rf_spin_probe1_1:1,26:1)) [deg]","dB(S(rf_spin_probe1_1:1,27:1)) []","ang_deg(S(rf_spin_probe1_1:1,27:1)) [deg]","dB(S(rf_spin_probe1_1:1,28:1)) []","ang_deg(S(rf_spin_probe1_1:1,28:1)) [deg]","dB(S(rf_spin_probe1_1:1,29:1)) []","ang_deg(S(rf_spin_probe1_1:1,29:1)) [deg]","dB(S(rf_spin_probe1_1:1,30:1)) []","ang_deg(S(rf_spin_probe1_1:1,30:1)) [deg]","dB(S(rf_spin_probe1_1:1,31:1)) []","ang_deg(S(rf_spin_probe1_1:1,31:1)) [deg]","dB(S(rf_spin_probe1_1:1,32:1)) []","ang_deg(S(rf_spin_probe1_1:1,32:1)) [deg]","dB(S(rf_spin_probe1_1:1,33:1)) []","ang_deg(S(rf_spin_probe1_1:1,33:1)) [deg]","dB(S(rf_spin_probe1_1:1,34:1)) []","ang_deg(S(rf_spin_probe1_1:1,34:1)) [deg]","dB(S(rf_spin_probe1_1:1,35:1)) []","ang_deg(S(rf_spin_probe1_1:1,35:1)) [deg]","dB(S(rf_spin_probe1_1:1,36:1)) []","ang_deg(S(rf_spin_probe1_1:1,36:1)) [deg]","dB(S(rf_spin_probe1_1:1,37:1)) []","ang_deg(S(rf_spin_probe1_1:1,37:1)) [deg]","dB(S(rf_spin_probe1_1:1,38:1)) []","ang_deg(S(rf_spin_probe1_1:1,38:1)) [deg]","dB(S(rf_spin_probe1_1:1,39:1)) []","ang_deg(S(rf_spin_probe1_1:1,39:1)) [deg]","dB(S(rf_spin_probe1_1:1,40:1)) []","ang_deg(S(rf_spin_probe1_1:1,40:1)) [deg]","dB(S(rf_spin_probe1_1:1,41:1)) []","ang_deg(S(rf_spin_probe1_1:1,41:1)) [deg]","dB(S(rf_spin_probe1_1:1,42:1)) []","ang_deg(S(rf_spin_probe1_1:1,42:1)) [deg]","dB(S(rf_spin_probe1_1:1,43:1)) []","ang_deg(S(rf_spin_probe1_1:1,43:1)) [deg]","dB(S(rf_spin_probe1_1:1,44:1)) []","ang_deg(S(rf_spin_probe1_1:1,44:1)) [deg]","dB(S(rf_spin_probe1_1:1,45:1)) []","ang_deg(S(rf_spin_probe1_1:1,45:1)) [deg]","dB(S(rf_spin_probe1_1:1,46:1)) []","ang_deg(S(rf_spin_probe1_1:1,46:1)) [deg]","dB(S(rf_spin_probe1_1:1,47:1)) []","ang_deg(S(rf_spin_probe1_1:1,47:1)) [deg]","dB(S(rf_spin_probe1_1:1,48:1)) []","ang_deg(S(rf_spin_probe1_1:1,48:1)) [deg]","dB(S(rf_spin_probe1_1:1,49:1)) []","ang_deg(S(rf_spin_probe1_1:1,49:1)) [deg]","dB(S(rf_spin_probe1_1:1,50:1)) []","ang_deg(S(rf_spin_probe1_1:1,50:1)) [deg]","dB(S(rf_spin_probe1_1:1,51:1)) []","ang_deg(S(rf_spin_probe1_1:1,51:1)) [deg]","dB(S(rf_spin_probe1_1:1,52:1)) []","ang_deg(S(rf_spin_probe1_1:1,52:1)) [deg]","dB(S(rf_spin_probe1_1:1,53:1)) []","ang_deg(S(rf_spin_probe1_1:1,53:1)) [deg]","dB(S(rf_spin_probe1_1:1,54:1)) []","ang_deg(S(rf_spin_probe1_1:1,54:1)) [deg]","dB(S(rf_spin_probe1_1:1,55:1)) []","ang_deg(S(rf_spin_probe1_1:1,55:1)) [deg]","dB(S(rf_spin_probe1_1:1,56:1)) []","ang_deg(S(rf_spin_probe1_1:1,56:1)) [deg]","dB(S(rf_spin_probe1_1:1,57:1)) []","ang_deg(S(rf_spin_probe1_1:1,57:1)) [deg]","dB(S(rf_spin_probe1_1:1,58:1)) []","ang_deg(S(rf_spin_probe1_1:1,58:1)) [deg]","dB(S(rf_spin_probe1_1:1,59:1)) []","ang_deg(S(rf_spin_probe1_1:1,59:1)) [deg]","dB(S(rf_spin_probe1_1:1,60:1)) []","ang_deg(S(rf_spin_probe1_1:1,60:1)) [deg]","dB(S(rf_spin_probe1_1:1,61:1)) []","ang_deg(S(rf_spin_probe1_1:1,61:1)) [deg]","dB(S(rf_spin_probe1_1:1,62:1)) []","ang_deg(S(rf_spin_probe1_1:1,62:1)) [deg]","dB(S(rf_spin_probe1_1:1,63:1)) []","ang_deg(S(rf_spin_probe1_1:1,63:1)) [deg]","dB(S(rf_spin_probe1_1:1,64:1)) []","ang_deg(S(rf_spin_probe1_1:1,64:1)) [deg]","dB(S(rf_spin_probe1_1:1,65:1)) []","ang_deg(S(rf_spin_probe1_1:1,65:1)) [deg]","dB(S(rf_spin_probe1_1:1,66:1)) []","ang_deg(S(rf_spin_probe1_1:1,66:1)) [deg]","dB(S(rf_spin_probe1_1:1,67:1)) []","ang_deg(S(rf_spin_probe1_1:1,67:1)) [deg]","dB(S(rf_spin_probe1_1:1,68:1)) []","ang_deg(S(rf_spin_probe1_1:1,68:1)) [deg]","dB(S(rf_spin_probe1_1:1,69:1)) []","ang_deg(S(rf_spin_probe1_1:1,69:1)) [deg]","dB(S(rf_spin_probe1_1:1,70:1)) []","ang_deg(S(rf_spin_probe1_1:1,70:1)) [deg]","dB(S(rf_spin_probe1_1:1,71:1)) []","ang_deg(S(rf_spin_probe1_1:1,71:1)) [deg]","dB(S(rf_spin_probe1_1:1,72:1)) []","ang_deg(S(rf_spin_probe1_1:1,72:1)) [deg]","dB(S(rf_spin_probe1_1:1,73:1)) []","ang_deg(S(rf_spin_probe1_1:1,73:1)) [deg]","dB(S(rf_spin_probe1_1:1,74:1)) []","ang_deg(S(rf_spin_probe1_1:1,74:1)) [deg]","dB(S(rf_spin_probe1_1:1,75:1)) []","ang_deg(S(rf_spin_probe1_1:1,75:1)) [deg]","dB(S(rf_spin_probe1_1:1,76:1)) []","ang_deg(S(rf_spin_probe1_1:1,76:1)) [deg]","dB(S(rf_spin_probe1_1:1,77:1)) []","ang_deg(S(rf_spin_probe1_1:1,77:1)) [deg]","dB(S(rf_spin_probe1_1:1,78:1)) []","ang_deg(S(rf_spin_probe1_1:1,78:1)) [deg]","dB(S(rf_spin_probe1_1:1,79:1)) []","ang_deg(S(rf_spin_probe1_1:1,79:1)) [deg]","dB(S(rf_spin_probe1_1:1,80:1)) []","ang_deg(S(rf_spin_probe1_1:1,80:1)) [deg]","dB(S(rf_spin_probe1_1:1,81:1)) []","ang_deg(S(rf_spin_probe1_1:1,81:1)) [deg]","dB(S(rf_spin_probe1_1:1,82:1)) []","ang_deg(S(rf_spin_probe1_1:1,82:1)) [deg]","dB(S(rf_spin_probe1_1:1,83:1)) []","ang_deg(S(rf_spin_probe1_1:1,83:1)) [deg]","dB(S(rf_spin_probe1_1:1,84:1)) []","ang_deg(S(rf_spin_probe1_1:1,84:1)) [deg]","dB(S(rf_spin_probe1_1:1,85:1)) []","ang_deg(S(rf_spin_probe1_1:1,85:1)) [deg]","dB(S(rf_spin_probe1_1:1,86:1)) []","ang_deg(S(rf_spin_probe1_1:1,86:1)) [deg]","dB(S(rf_spin_probe1_1:1,87:1)) []","ang_deg(S(rf_spin_probe1_1:1,87:1)) [deg]","dB(S(rf_spin_probe1_1:1,88:1)) []","ang_deg(S(rf_spin_probe1_1:1,88:1)) [deg]","dB(S(rf_spin_probe1_1:1,89:1)) []","ang_deg(S(rf_spin_probe1_1:1,89:1)) [deg]","dB(S(rf_spin_probe1_1:1,90:1)) []","ang_deg(S(rf_spin_probe1_1:1,90:1)) [deg]","dB(S(rf_spin_probe1_1:1,91:1)) []","ang_deg(S(rf_spin_probe1_1:1,91:1)) [deg]","dB(S(rf_spin_probe1_1:1,92:1)) []","ang_deg(S(rf_spin_probe1_1:1,92:1)) [deg]","dB(S(rf_spin_probe1_1:1,93:1)) []","ang_deg(S(rf_spin_probe1_1:1,93:1)) [deg]","dB(S(rf_spin_probe1_1:1,94:1)) []","ang_deg(S(rf_spin_probe1_1:1,94:1)) [deg]","dB(S(rf_spin_probe1_1:1,95:1)) []","ang_deg(S(rf_spin_probe1_1:1,95:1)) [deg]","dB(S(rf_spin_probe1_1:1,96:1)) []","ang_deg(S(rf_spin_probe1_1:1,96:1)) [deg]"
-45,17.7,-20.2757631544978,128.025507424812,-44.0037796182815,-139.96285714962,-22.9826746597061,-66.749247162871,-36.5102353448621,-70.5621633101917,-20.2576370092808,-53.0788070425133,-42.8381886693842,39.26621075233,-22.8676761598624,114.095962511106,-36.3006979647934,108.463395070349,-25.500327210041,-64.3557406982136,-48.9742837391868,26.8498184297141,-23.9020134852289,-58.9818620307013,-49.5854622616784,-87.9197985156973,-23.6359551273467,104.066153493438,-50.7209026335992,177.993038640767,-22.1331292025351,133.602725742979,-43.1992829211565,-127.131087355217,-22.3610056845633,-45.7232346934601,-49.2866771507159,27.0900248344745,-25.5658355151099,118.567895268307,-47.1622246294951,-143.494944417164,-23.8056915233499,116.423216066551,-46.3997190956419,82.5445846830193,-23.8681243324387,-72.5082225033305,-45.9399995986188,17.4293275949389,-21.9637554844449,-48.8730008519916,-44.8052826224268,50.7898366038366,-22.5285063953479,133.726295622785,-47.143217660056,-132.712122214786,-21.2756418018818,155.253776260844,-52.1033332243764,-154.824522348253,-21.2503315167351,150.250094557798,-38.9776242795761,171.211064380497,-21.1554573251659,-19.5899043982674,-35.9139162977566,7.0600940387807,-20.4620609326153,-30.7331563278528,-37.7541631110743,-21.443843280131,-20.032563392918,148.726030586105,-50.3885715367965,-171.850831238418,-21.5006166172706,168.43387143566,-43.0407511826304,-2.46287430122064,-22.7680107110297,4.63425079673803,-49.3543146016636,-136.355550587409,-21.4688027299454,-24.1056050921162,-55.4071817716902,53.7110770916217,-21.1716923903126,-29.6328651114487,-39.0749004923942,-14.6522170539027,-20.9415091872163,-19.5643322603983,-35.0517197985704,5.78751734089659,-20.4861710860316,147.132586235605,-38.7312232195303,162.965849127928,-20.3355973848836,-29.9405813694464,-54.5961610877586,16.7289479220348,-21.7593881515537,170.232348856453,-42.7253593560194,53.179710582699,-21.6152146312515,-10.1942181234464,-43.1207519827232,-177.03901649472,-22.7222610874232,-176.911016781846,-50.3624715065811,20.1436102444875,-26.9686488204746,35.8033477794953,-53.5764680414528,162.170131124215,-25.0216550180387,21.1584752530048,-44.6542051777603,40.0748073100008,-25.3648534557635,21.5042190716941,-38.6462216898988,55.2620172354424,-27.7562150280101,-131.931973618485,-41.2780473588449,-98.0356344055744,-24.4408762466566,-169.790331690237,-36.6371172021953,-134.325591371449,-23.6825396856771,9.73206454806969,-38.1141446927457,51.565421905031,-25.4047575732019,-150.682477825405,-49.5433474827629,49.7975914828634,-21.8474949635594,-6.62973314854217,-42.720848608972,-142.761324553156,-28.6616971977154,45.9658546168917,-51.7656085807608,-86.4697457088902,-30.334379523778,50.630941809775,-48.558338378048,-161.311938260618,-26.8554342765527,-148.579913160388,-59.0965978316667,9.4799179251606,-25.2115154046293,-159.966953082669,-43.1843237914701,-136.403048932179,-25.1255783952665,-158.953646512755,-38.7746173668925,-127.44089177106,-28.7012714511599,-128.486816942488,-39.7686752472964,-103.324982112287,-24.5006120533689,12.280685377123,-37.3958511722377,48.07406424697,-23.5389957080172,-174.284440216949,-39.0822401137114,-139.084622972725,-24.4416172670328,25.1850776599013,-51.5701696868829,-153.967194416177,-28.6538988685849,-137.04489199123,-64.1376457340895,117.108726035576,-30.0505306947874,-124.644834780209,-47.363506625512,21.1425582071423
-45,18.2,-18.6321969576463,20.0061910413833,-38.6941212305651,129.104263377503,-21.4714936318379,-169.853077922703,-36.2321501446437,159.483535163878,-18.6109265063913,-161.126668082926,-38.8825528617086,-60.5966255939396,-21.2768042830644,10.8734544123527,-35.8831400298705,-21.8131697493689,-23.3864226384517,-158.737029769963,-44.5889998254042,-76.2296099689335,-22.2797220418017,-160.707973611064,-56.8976979701629,-137.967127646188,-22.2329421566241,4.73704528416771,-47.1881079161079,73.0880668383772,-20.5746453843742,31.0311991220684,-37.912290398714,140.771303700914,-20.8802069627945,-149.471944023418,-41.5678047081004,-25.1273014445546,-23.292150382766,23.3177891931546,-43.007841040407,96.6221956975595,-22.2204132310018,16.0129754931289,-63.4562101961875,121.289904207761,-22.2556798170605,-171.631328196328,-43.9662061649794,-101.803167612205,-20.7649958572904,-151.315411131075,-38.4766958976122,-35.9420595150247,-20.9494946193964,30.4311748745974,-40.4862281017322,146.267957108364,-21.0039164732297,50.3505983323705,-46.1128477664097,143.885971155012,-20.5737128775961,45.1376035271532,-39.8964300691071,28.5813456112949,-20.6134783479898,-123.508734983176,-36.1842551098657,-116.099218835919,-19.4679671229074,-133.270093344013,-41.0770851377796,-150.401687722018,-19.2615004656741,48.4285391281903,-43.9774979337354,137.223065930405,-20.9787675870651,66.4398467171227,-38.7897439432802,-135.601918268954,-22.4536358058629,-99.5086646357417,-42.2695552910716,72.5104423097775,-20.9874165868398,-129.48805681178,-45.6393738122036,-32.1434136256437,-20.5177900369695,-134.86914875141,-40.7784852861427,-156.514648976002,-20.5031802784139,-122.653571277464,-36.5504544015203,-120.621375525654,-19.5550268347825,45.5484431812946,-41.9530085298454,26.36022135532,-19.5867911740585,-131.381897438962,-43.7367130826331,-38.4357351899475,-21.6143443303589,70.9797225506238,-39.1863634256274,-98.7669664484762,-21.0588748394099,-112.973799778603,-38.7374490111538,40.4998689421712,-22.5357051881216,80.6819315438445,-42.1682793432622,-113.789461069119,-28.2981938031036,-65.7748924283448,-56.440471095568,77.3815679156586,-25.3977288238853,-81.9109750686794,-46.9128110013946,-48.969934921102,-25.4699786769312,-79.0470997253905,-38.901280084957,-70.3551815095215,-27.5564639893447,124.714837205563,-42.560472739377,157.445235847028,-24.3688461139722,96.5463107693978,-37.8412589663747,110.021974348922,-23.185314122875,-87.0881077789378,-42.9859881418852,-79.8731444207137,-24.7981884636923,113.623117591453,-44.4507051896118,-149.222563703672,-21.5633681185074,-105.034749713368,-39.9603535476387,66.1479538250358,-28.5296879913032,-49.254926572532,-46.1076898022828,129.376772280654,-30.3825558209597,-46.656564624557,-56.9569671712318,159.481662104647,-27.7182833722952,110.709161076169,-53.6623707287843,-92.584386831517,-25.3105105976697,97.6127776822909,-44.9440963880014,118.7152379643,-25.2826439517942,99.7071343283336,-39.6970845111589,103.140905397322,-28.7532799557447,127.009963992085,-41.4559797700862,131.47647213722,-24.4651795690963,-80.1862710763293,-38.2025976732295,-68.076400186128,-23.3705815196144,87.9621505871031,-43.5318861820209,86.1918789959332,-23.8516685416526,-73.1537785650315,-43.3582864641023,11.1574143801381,-28.9191602411575,126.79839372157,-47.504153616737,-41.3416650003091,-29.9584177246884,137.357308021947,-60.429218453958,-71.8463216739753
-45,18.7,-18.105379788901,-83.0777676932166,-37.1836173157424,2.39033797467813,-21.2391672201388,90.1686657590995,-35.5350236090469,46.9352307971328,-18.1308770000569,95.9916803643853,-37.9114870412015,179.872781555551,-21.0203502274604,-89.9066976414987,-35.3726685458422,-134.576001739078,-22.6634219465186,99.9569512559003,-43.218118232665,158.166745912214,-22.1557171484687,100.230147166098,-48.6279049080849,79.650108710628,-22.3298217210997,-94.5144914745461,-46.0471478505681,-47.6358509974877,-20.2577494708292,-68.7038710349921,-37.0316828398551,22.377045458358,-20.8524003439951,110.499027866783,-39.6128512624861,-150.797841863542,-22.7348443587289,-77.8952121672699,-43.7588266962342,-28.5106986429749,-22.0501867733599,-83.5230263735343,-45.6629181001886,-80.6332803474867,-22.2225371712717,88.5015026308336,-44.9349417187122,132.186261595558,-20.4021038095786,110.298279392159,-36.1962723874725,-158.990512901829,-20.7037161100282,-70.0682240382565,-40.1323516912412,30.8584426500245,-20.6300885519157,-44.4514376962835,-45.6401940200741,13.2998254802551,-20.159515269232,-52.782085044395,-42.3021093542214,-68.1820530131939,-20.3604894560055,140.96891003904,-35.4701945737949,143.473610175226,-18.9979154308743,127.472057134032,-40.5766275608645,131.025372032454,-18.6813668191706,-51.4465349643988,-44.3665112676511,-4.26052479607167,-20.5923067590249,-30.5667590523345,-39.9859376806486,133.351311130963,-21.9262666736065,164.937985217803,-41.9090202942732,-34.1144528404163,-20.841153114594,133.442321279134,-45.9501337260227,-173.037216218869,-20.1285154396878,127.871987147308,-42.6248978798093,111.578559510377,-20.1352501930413,142.067544334396,-35.6815295409597,152.799362581866,-18.9222715129086,-54.1782391520345,-41.4200269119829,-43.4916903232097,-19.0860574581502,130.449679257834,-47.046110184143,174.398904413965,-21.0286215319641,-25.383845783249,-39.3851893702947,151.388206898581,-20.6367321281039,150.167972491071,-41.0233811229954,-46.828094581157,-21.873690026133,-13.2392794040129,-41.7106803952535,146.66449236334,-26.9919143639347,-150.335865941342,-53.6544249151408,-7.70991029346094,-24.4142053064618,-170.275372563625,-43.6006987290113,-159.306448525372,-24.4272713875482,-171.549882460307,-37.9259527568358,-157.659590844301,-27.0440205044399,32.4310503840833,-38.7709210716652,53.2546754554508,-23.3818365273295,-1.90254258247396,-36.7989042746437,16.5213409948817,-22.196458452906,175.029293787018,-41.6774488912274,-137.68256409514,-23.6127925020864,13.2914846033482,-53.282836527216,-10.0573121549934,-20.8058934751905,157.772983752945,-41.2967945902139,-20.7380359497995,-27.5134704272882,-146.524276575625,-44.0386067663206,42.5439130538546,-28.9540615992098,-140.475160652333,-41.7415732795483,53.1175763592606,-26.467042975514,21.9325516912271,-55.0965179046122,145.585888265717,-24.2198807201195,5.004695920974,-44.460077270922,9.99256743151078,-24.6461386311516,7.86062899202704,-38.7968364493837,26.9195894354424,-28.5146110054642,37.0619860106516,-41.0278012394191,50.7169741726582,-23.0960934091834,-178.325618508103,-36.6180501363863,-156.804784033751,-22.545998126127,-6.6526908283929,-42.6302669117693,25.2115238928394,-23.1252743075222,-172.789186692998,-49.97827553218,148.39123397411,-27.8533917451783,31.0433148934877,-43.386013993817,-152.367465711531,-28.4910887186646,44.1515921178147,-41.987105902118,-117.884016471095
-45,19.2,-17.7300720587682,176.631313102869,-38.8283125734917,-90.8557379964573,-20.9356900298319,-5.50328501011047,-36.322737013697,-63.7431380205486,-17.7528961627209,-3.70810841279557,-38.6379761123218,87.3113310598916,-20.7370199503839,174.572533537464,-36.188441584182,115.855757901492,-22.8443650872658,5.43550716505026,-48.5378987920183,65.8058268663681,-21.7776645946812,5.75600909309969,-46.482827173591,-102.558005925194,-21.985591887767,175.52974108429,-54.3984584634164,-153.941062584287,-19.9248461612042,-164.428080886961,-36.1389472839899,-69.4466128323931,-20.5548879039342,15.086445252017,-41.0664991734315,108.004333054697,-22.7296829822985,-172.361581877896,-49.2131407982351,-104.162983047407,-21.921203543336,-177.736742138128,-43.1613454813464,93.8501369547341,-21.8678454882318,-2.57905552986821,-54.8996101159,68.3373633382142,-19.989686496993,14.265197666246,-37.0887688029037,101.187915755055,-20.6767378143571,-166.675564547629,-39.3864782357836,-64.1629031962439,-19.8270854101489,-144.686956710136,-49.1851923868179,-53.1498107555198,-19.8198931130649,-151.679513372794,-40.4205226550025,-164.166060498903,-19.7881849407635,43.5712591000984,-33.9202758253368,35.8710717962132,-18.7556468521308,30.0655316193219,-36.8732524648638,15.8578843760219,-18.935318938203,-148.981107998066,-51.5833766610451,-30.7748376734049,-20.1990916229685,-129.297749396326,-34.4855238508984,29.8781384417705,-21.1853874842137,65.8430843214574,-39.054269825502,-125.400186014105,-20.1876593795768,36.2580158672916,-50.5218804057106,145.243490417144,-19.6341576567367,28.6581004698434,-39.8469819442689,11.0334303951347,-19.6019568925499,42.8689364370686,-32.9382752264687,39.9215188593668,-18.8864205658134,-151.889601329134,-37.2199085284829,-162.834003716341,-19.0161149503201,32.9799190357286,-48.8851043743834,167.036451229681,-20.8893781495383,-124.010932080717,-35.459004207395,60.0840167987448,-20.1952211769845,51.2355256184224,-34.8358194262456,-148.979005269663,-21.1557611645418,-113.773393344736,-37.9497945564755,50.5589547947076,-25.1694423745668,104.737581707548,-50.1746846733359,-115.78352417125,-22.9832760238539,87.9389387631558,-45.0423756401306,95.0372276452982,-23.8371988200491,87.7059029751229,-35.4440378090218,94.0227869221204,-26.5212136703121,-66.1650391509384,-37.2418052103969,-53.7942581756279,-23.5767687705695,-101.038179479745,-34.3933794516416,-85.8037481033244,-22.6694203894129,73.8507486170315,-38.1026251089519,105.0769197758,-24.3033031321303,-89.8277348754372,-45.7164629370475,103.094484113675,-20.7174457472693,57.8056125038395,-34.6992284527655,-117.11844254918,-27.3857604571732,110.470271416393,-37.8283053729565,-64.6134297369868,-28.1279325616207,119.11639781922,-40.2369808292058,-79.9675538391695,-25.421719774443,-79.7437219949014,-51.0794887048034,62.5555495533298,-23.3125615725848,-95.3440633682491,-44.3262816233311,-88.3233423354576,-23.7583391917799,-91.9401937012182,-35.0754519596398,-81.5408470732494,-27.1902782926184,-62.6623453459724,-36.8869183570551,-55.3910940497554,-23.47555578643,80.1366862825331,-34.076472659395,95.5238180981098,-22.619986608951,-106.886719812523,-39.1383249671774,-84.4868351934257,-23.695433758991,86.4838309899113,-45.2301106720118,-81.7712549447499,-27.5502928831708,-69.375164284524,-39.006569551616,112.07127497569,-27.6215503240402,-60.7736231091015,-39.4823598184639,104.082144880336
-45,19.7,-17.6048946304968,78.5029331550105,-35.5855400935578,170.340649239613,-20.7873955649249,-102.901798010304,-35.6701989320563,-158.146636953088,-17.5178262477741,-101.926995824419,-35.7246068707372,-13.8489852270319,-20.4870915226847,76.7757729684382,-35.6632014931115,21.3334864646306,-22.3397156190611,-88.196891480819,-42.4125911989892,-21.1398674772435,-21.5620319449479,-91.9649535645998,-48.7773770853793,83.5601803985656,-21.2519730558236,77.4703934071383,-46.9226805704068,159.549490322427,-19.5119204935508,98.7023701072874,-33.6738821832928,177.870238392734,-20.2517879512081,-82.5980598006737,-38.6220787159056,17.3922166585618,-22.3483633301975,92.9761676328871,-42.1751439264982,159.893152234016,-21.7031591348923,86.5325405120877,-44.9998341104167,-78.1282134084721,-21.2885816788668,-100.198777365931,-43.9508751538591,-18.2588742569651,-19.5890090981617,-83.152899914899,-34.5661340440888,-1.53986096461706,-20.4376719234561,97.4117438082498,-37.1961740654238,-164.974659872911,-20.3710590736248,115.935384994421,-43.2533007467701,-155.848211570359,-19.8842025232581,110.338865235882,-39.2953315799668,84.7685704162388,-19.8541141132441,-54.5807824635647,-33.3827806031005,-66.3049076785374,-18.5186453838518,-66.2051335611001,-37.6083142417263,-103.93311216677,-18.7431730198184,117.008042897352,-41.7840483993413,-149.542070070442,-20.5519574297096,134.074213093263,-34.7128627917683,-84.1551131012911,-21.872118801057,-32.8384907112373,-37.8899968711223,119.603743362858,-20.3379973725337,-62.9162786205221,-43.0749069548634,28.0700107886822,-19.799582000333,-69.9819254570431,-39.1975978375418,-102.507390652394,-20.0050141236209,-54.5964655780753,-32.9815339892399,-66.7411797169751,-18.6953809697085,111.967430749274,-37.6204915652355,74.8367312716703,-18.8118175059304,-62.2827943050384,-40.8375094842444,31.5827551564115,-21.4810299370061,142.309486055996,-34.3031641980383,-62.5151061168039,-20.5234487809051,-45.8986834871631,-34.7251124605166,96.6400129729459,-21.9012252321795,148.067301883587,-37.569936539633,-65.2720284841049,-26.4282761275874,2.25120251786966,-47.0336249559104,146.880793266216,-24.0175009037308,-12.5440392154437,-42.2974435373805,0.261927958655451,-24.2295169624679,-8.82953427921048,-35.6628242377791,-16.7124997332064,-27.261401562754,-161.534890064529,-36.0017880809599,-158.700731433568,-24.2358860239159,167.930531829209,-35.0095496653813,161.759535451865,-23.3949156887729,-16.0553289580507,-36.8678184753478,-12.3524328844003,-25.1302244845928,-179.808733848397,-44.2652017356673,-33.9249135174883,-21.4498869000817,-36.2392619640956,-33.4786996720486,114.219486876257,-28.7900163939888,17.6082929337579,-39.6358482203804,-176.7853193948,-29.1272475541574,21.9423406335648,-41.2414017415046,-179.500676095277,-26.355357676922,-177.906100559381,-47.6842239350882,-36.367959017853,-24.1680588298134,166.460647068123,-41.6966108380668,169.162619249571,-24.2162348015564,169.481694793743,-34.9908706371626,163.591801702177,-28.2679631186212,-160.662100965249,-36.3004384398434,-167.086738087,-24.0559845695458,-11.6719192847938,-33.923984340462,-15.0889912689801,-23.2114788060429,162.196130496809,-38.2554083145741,159.884297906294,-24.3529986826628,-4.57346113838993,-43.3632456199478,129.257961812747,-28.6144687827934,-164.837149697996,-39.5289923529897,6.44565391195526,-29.2241409266592,-157.922761008502,-41.640617445346,-0.21966124297891
-45,20.2,-17.333048556706,-20.8104839067464,-35.1909483885069,62.6986274968879,-21.0572460842872,160.874457502605,-33.1315418234205,82.7748258970174,-17.3049406352463,158.021255101835,-35.8792796910655,-122.107233536674,-20.8094462977527,-20.3854563652207,-33.1651676060449,-96.2644724318619,-22.2077538739195,173.540450771037,-43.4804956360001,-144.370289197703,-22.0340015138841,171.846256765672,-59.4274139289665,16.627956934975,-21.9304562409445,-22.1599322703468,-47.2630307831534,15.8745730705423,-19.5718722602302,-0.693519254169622,-35.0798798228036,67.9877366115255,-20.511639518669,178.079191438115,-38.4768226054232,-87.9478403728997,-22.2801576404847,-3.66132138025892,-43.5529481663057,38.7680001433846,-21.8602268058498,-10.4961534568522,-55.5588453084153,151.035651353559,-21.792661539627,161.324830819664,-47.6749074766595,-154.784872220254,-19.6351098936076,177.966010675734,-34.7834922107262,-110.948279368587,-20.4875178374932,-1.17343984371917,-37.462568346745,89.1692560744973,-21.0848463640135,21.9361689766408,-46.5355854121088,92.8957992429866,-20.2834969623749,13.8141053963898,-41.0496846850167,-38.4478630047107,-20.1731196647858,-151.343570123613,-33.6707826081647,-177.456967531355,-18.3825616894268,-165.22149843149,-40.3767088373907,152.003545354871,-18.4140184428692,18.2752484933568,-43.3987372215604,93.8762464270362,-20.6867144251083,40.2869271643944,-35.0241033658839,-175.968479400129,-22.1283247521759,-124.741178448876,-37.4387622697152,21.17754011772,-21.016056438026,-159.482232521162,-47.0330769087509,-90.9664678510709,-20.2601755936321,-166.470107110264,-40.9582030085927,134.189434934399,-20.2341339092684,-149.101616357441,-33.6146163475467,-173.452197797695,-18.5304246333486,13.4976927375488,-41.3776897406205,-32.4965558432607,-18.6645755987087,-160.789102624522,-44.7420714117499,-91.467378156007,-21.2823594553961,49.8198333806629,-34.5690977117517,-161.683550756104,-20.7521784201117,-139.751509316862,-35.0185861609869,5.76822910316039,-22.1461201591652,57.1923946204087,-37.1001671891213,-160.885895917059,-27.6278420169117,-83.515686575568,-48.0339704522797,61.285022650322,-24.3996593757641,-102.935917269898,-42.0710048579573,-110.008562342352,-24.6516662558603,-99.943508213935,-36.2848401567707,-123.874534394645,-27.8581234918442,105.769014493456,-36.8910981123916,88.5409110415095,-23.6258029249688,78.0612688118343,-35.6855455447239,63.3433871131319,-22.7972574239622,-105.666665868063,-41.405319761747,-138.411218875084,-24.2669918742587,91.6142545466239,-47.8443021247952,-137.923866976658,-21.277607470313,-128.325935568291,-35.2128465176593,13.6790305254206,-28.283125636924,-68.1917492397704,-38.4790457590497,89.8260992638525,-29.6060104411869,-68.2096381633034,-40.0006832515107,89.0586235850434,-27.0638146492809,91.3549372524304,-48.0606247319032,-135.518426328751,-24.2738531237673,74.4099727217457,-42.6465260815864,52.2870876756079,-24.854782247262,78.0710277616466,-36.4467026551993,54.8046307182934,-29.1971734583727,108.613241988017,-38.1641249588709,78.0038274741873,-23.6277260213288,-101.083857082101,-35.2407134366818,-118.64657831641,-22.6631617310584,71.1618274781115,-40.893815932278,43.1517361465348,-23.9794590676368,-92.463054685904,-46.6241536669939,14.292828285666,-28.3111908898003,108.9178828611,-37.7096642283547,-90.5110102919615,-30.0407853878916,114.729810142006,-39.3916349732874,-79.7425259446187
-45,20.7,-17.6946339202176,-124.215831410353,-34.5165062589322,-40.310552730472,-21.4349156819487,62.8201717799263,-35.6493937416131,-36.5429479479365,-17.7347025261785,54.8105424703117,-34.8536737291795,139.713647460914,-21.2614662049893,-118.189852787344,-35.5443821518515,144.448125316406,-22.9310391736024,74.6094530532464,-44.139636790153,124.97847511736,-22.5155001349489,73.9914253254011,-47.8955306689787,-69.8834138589557,-22.5919807053316,-116.421285670097,-54.0553527388996,-31.7321492780441,-20.0365516488629,-101.287256133345,-35.4501795407499,-21.856337964436,-21.1434321193968,77.6688319764819,-37.2360791782657,175.135521335401,-22.6584135587589,-102.884331545497,-44.5749780213808,-50.5528349213745,-22.4908591435357,-109.988892521963,-45.9983281165265,121.569258376757,-22.287326893508,66.5045199554642,-46.5009238912676,169.054496656379,-20.0805912547003,76.1774936847771,-36.1716607502011,150.618931022832,-21.1610096282312,-103.216437503735,-36.5245233683555,-7.66677504199509,-20.8135650264318,-73.4875819388667,-45.5723843595541,19.8555052951977,-20.4969651107249,-85.539043510481,-45.313103992591,-89.4012659342022,-20.4205971616491,110.928278935384,-34.2854087823218,95.3205000974615,-18.9327643850607,92.1293329781663,-39.481232031516,82.1605275795833,-19.1082567159151,-84.7055701724731,-44.7198353327441,4.10291378971298,-20.6254583911551,-58.83592036461,-33.0575761120802,88.6707583419075,-22.0516479448497,138.285026779728,-36.8216454325475,-75.3569624917134,-21.0413647466454,106.665175351262,-46.0188927020998,-155.44652711055,-20.3932540780598,95.037786409802,-45.3814319622617,78.3846901647385,-20.2097840473395,112.117677557307,-33.2345911848921,101.418225905522,-19.1031185881905,-89.1670361318946,-39.2477706068763,-99.0919597216846,-19.3223724644801,97.3266614421485,-44.0334870630629,-161.896875275326,-21.0435934288774,-50.2278407454642,-34.9452052682557,105.568385470779,-20.7215222838462,121.084308017632,-33.1931981706171,-94.1621056649025,-21.6894578717261,-40.3321829975609,-36.7193411758751,99.8549160717385,-26.9770022190336,-174.684590262637,-49.5179610877221,-62.6481635663955,-23.9955531429472,163.075815518182,-45.8049957405422,149.383506048595,-24.4645548840622,163.959081618728,-37.1746268457338,151.086955135476,-27.6035190762423,12.2980255820118,-37.7632963773473,17.9964995872693,-23.3222244890239,-24.0294239234979,-35.6920345872402,-21.7214955388909,-22.1127636726266,151.196480665082,-41.6843581781097,-163.803633446018,-24.1506659671983,-15.6017390469574,-50.241231639775,159.899217854776,-21.0953504644083,132.060028446618,-34.3134014474883,-74.4801260581326,-28.0556641313621,-171.321572569053,-38.468875652109,5.89007128588989,-29.1768733205349,-163.699365405939,-40.4508482386034,0.116917978637525,-26.8102048924557,2.20048305139829,-49.8951719542531,114.579153134757,-24.4171037950669,-20.2991988510766,-46.8932232069754,-40.2128073095864,-24.5282299300914,-16.3890670854937,-36.8067671021099,-26.2759230801605,-28.8845176928624,16.040081913608,-39.8013316427707,29.0896131571614,-23.3012154441443,156.702474160505,-35.1088498111241,159.748008781476,-22.2314261420545,-31.2379024467421,-43.8793556625082,-3.06801692163862,-23.5812683689017,162.413614245659,-52.825520044024,-61.6858018758288,-28.1717034863258,6.77393402480364,-38.4404950005494,171.313916019203,-29.1089215444843,23.2263421250886,-38.7488935995926,177.689272798329
-45,21.2,-18.8624195335286,129.896041795213,-33.9170057848179,-163.138280999552,-22.3141297809065,-38.2815112966357,-34.1571485029079,-144.987679330518,-18.8654008595646,-50.6066179448822,-34.3248870849798,14.866317086243,-22.1685442537164,140.390294203353,-34.1329126466179,36.3390079944748,-24.227207914685,-22.6602074011326,-43.3815374982962,2.95555408227043,-24.0054017357968,-25.0635306149784,-42.5285711344541,138.440989579118,-23.6106881371856,141.102638342448,-46.1543928472622,-150.894133445561,-21.4758551115956,152.932511367731,-34.073986432477,-144.458505005022,-22.8251452687136,-27.1106276686925,-38.0129473366318,53.7036216016806,-24.1774528287745,158.706483540925,-43.0164490844655,-170.154224981121,-24.1430943668397,151.200956884877,-40.6787431881039,-38.5585345196459,-23.25487210267,-35.7216819440249,-41.9187864212713,32.1758202410352,-21.6035489101133,-30.8243166592051,-34.8800799340242,34.7594172857792,-22.8009884756717,153.75890599613,-36.7327080931059,-128.515117064242,-21.3512965422945,172.22515362683,-44.0555945178792,-94.114249830632,-21.5172018610914,163.186678305794,-39.0737825436355,146.553063297498,-21.2507697003246,0.76732971940978,-31.5281383630283,-22.1625693828762,-20.401677178639,-14.9120200535176,-35.878078593289,-51.4454096430717,-20.6550858717657,168.752614316815,-45.4543003347675,-64.5393951955756,-21.5208661412597,-168.297351250702,-31.7847714200297,-28.0851906028708,-22.22850536851,29.0823063809771,-35.9606857956691,176.252161990507,-21.4496619649447,-7.03384127142336,-44.2332817443461,95.8965869141822,-21.4508365354265,-17.0208556551575,-38.5030533100341,-49.7370752639287,-21.1658089765087,0.602842889154404,-30.1819606099953,-21.4877922721585,-20.5321636483887,163.71030305079,-35.9802643320078,121.571801971908,-20.7916175588033,-8.28291432749566,-45.5361142008934,109.356276748235,-22.2844939871149,-157.4506326941,-32.4993216662349,-0.728418414968096,-21.6315366355364,12.2603865483555,-31.9110371426735,152.672156636686,-22.1680304508844,-152.133399997478,-35.6906048695141,-7.11776716972021,-25.7045420131398,71.0761583765198,-46.9034186593297,-141.859762620796,-23.19983211782,50.2416436020381,-41.8162942247133,48.1606430820936,-23.8947283123308,55.847274803728,-34.8891518614262,38.8565360539614,-27.648418885181,-95.6670199925796,-32.2589547832218,-108.964880943609,-24.3496946741773,-134.682933988321,-32.5456761056327,-140.052305658441,-23.4791398935485,41.6222014981914,-33.535267070764,48.6637180151765,-26.5093169619072,-122.177542910608,-39.5224577492622,53.908051936936,-22.3474248597578,24.3860690751597,-32.3610358692,173.483024114562,-29.5042014074255,77.0008461460063,-33.7596500244395,-112.975871530226,-29.8210523099013,88.3558427269013,-36.4426790660916,-115.67925158067,-25.6763135324117,-111.377796671792,-46.2717399648812,33.7212988149078,-23.5137027977848,-129.300316783541,-41.3574425723021,-138.639905739501,-24.1208449317075,-127.940952973824,-34.1224090869511,-139.212344804747,-28.4159339769709,-92.1078415421701,-32.949592049297,-100.123348798043,-24.3808391352096,46.2046759721,-31.8095980521223,39.9005538328077,-23.4984667595113,-140.047197237757,-34.6063766905046,-137.492620295888,-25.6225289803342,54.7838528931575,-42.3986805484332,-140.722058483507,-29.8110978421969,-105.628530934804,-34.5527899357422,65.2823026049837,-29.328070803339,-88.9944343988613,-35.8429685680731,63.4573047904713
45,17.7,-39.992546075193,-111.28483562106,-20.3340440952448,123.748128519609,-38.4915685797078,-73.738243716018,-22.8629515743447,-68.2943947263113,-40.8277657221268,64.9157359411378,-20.2711329753214,-57.9384949694428,-38.2059793115009,105.945244654728,-22.8953026493202,110.397722775984,-48.8391202309285,38.9331400348972,-24.1611058484891,-76.6595323661422,-58.5013143806061,-97.9535469282128,-23.6887460120598,-65.4203851144334,-47.0085307567679,-132.668242018912,-25.5503702329275,112.922264306885,-44.3528957176828,-108.471547992497,-22.5778811503675,130.891978885841,-42.21105913081,81.7923476811453,-22.1388848638344,-49.766080736133,-44.8120491351507,-141.294428703518,-24.1415497278565,104.59156457616,-51.5260292909311,75.0743585527571,-23.8871443301329,115.252240944791,-45.1533877410187,59.8632039390238,-25.413143675804,-66.6187210291446,-47.7285045193468,66.4221489000107,-22.2848143878249,-49.8566189086354,-40.645595072929,-104.120145944878,-22.1095126089556,128.153059410744,-52.6278506375182,-69.4563754998951,-19.9272359725205,146.423394649901,-41.1764620779894,-179.496333636949,-20.271078842476,142.959840818071,-38.1516828678489,28.4253723463325,-21.2983448437926,-20.680880821753,-43.0818061818275,10.8537937937302,-21.4678983251083,-31.2109914652446,-48.3240574525058,-66.9399022286863,-21.4369865495629,152.59133883961,-40.8345114044283,5.16143193140256,-21.6399250240642,165.864218148697,-41.2970712426782,-142.796096574176,-21.8566446494065,-10.5164989401673,-52.450160772571,110.298940838576,-20.097849372092,-35.2787875308908,-42.3313705545934,6.01430913785259,-20.4178619645006,-35.7033987336681,-37.2380555373044,22.954486020673,-20.9445253141109,-20.1140157063755,-43.0675122380901,-167.434880898174,-21.3819778731472,149.06501978712,-48.3559395020564,117.795228152182,-21.696543492961,-26.0445838317375,-44.5160649538779,26.6443755045011,-22.9925892536169,-176.679092917473,-40.6879994795874,178.522680494412,-21.5129753027457,-15.4687691918104,-40.6180348169513,29.4936033917288,-21.8722232390289,172.077065793153,-46.4119977607535,-135.653100040975,-25.2427943382192,26.2011018340434,-39.684694234178,65.4250595008816,-23.5304870870035,9.41410350796042,-38.5320145638017,59.4991555384911,-24.2179682605785,10.3478238850272,-43.2657979207327,-78.2514816621596,-27.794623420755,-135.549299114482,-40.7306604117383,-108.112108537646,-25.4288515900671,-162.569859581534,-48.3759891987319,55.6948360562262,-25.2238357097228,17.8728562882405,-49.9277606335868,2.11017164006745,-27.2971915220842,-147.88831480886,-45.6235103753366,-164.343340313004,-22.8541458034329,1.43268377765111,-46.7295622482446,-155.417225612456,-30.2724808495228,49.4941331648964,-55.71113736128,-110.348530930545,-28.6454538807707,43.3367531316276,-47.4232219466579,39.2267207310861,-24.3973239395899,-156.509748143853,-40.7147668370145,-117.90745066336,-23.3840948818041,-173.820786723834,-39.2108374596154,-119.597599592269,-24.3552310821435,-166.805350592628,-41.812908485123,-86.9898111901401,-28.5999374078557,-129.227397007169,-40.3696745048751,68.1779480992456,-25.4345451657076,21.3769549587118,-46.8636761396821,-117.258246381119,-25.4531302105642,-161.828839300578,-53.0661276621033,-178.826493573391,-27.0714239753581,28.1919959262165,-47.2934007635463,21.3078802845506,-30.3924996820385,-132.195452955689,-49.7562883552814,61.0064703080382,-28.6178299019189,-135.51246585377
45,18.2,-35.9073923297218,139.86437132902,-18.5221635520742,16.2043195912939,-38.3624494105394,148.101063291831,-21.1196484192358,-171.032162641424,-37.2214368345568,-41.0670585465081,-18.514518190877,-165.333384160633,-38.089543556856,-33.2126853198951,-21.2688799527283,8.44327347598918,-46.7795279694495,-65.3915771267347,-22.3648898792074,-173.155257672982,-52.5355334826321,-19.8701208529964,-22.2163014939553,-165.77577136768,-44.4305031558505,125.614734876923,-23.3869527162027,21.1943342949912,-38.7556403601424,162.815578541333,-20.9657046748485,29.1742130295517,-36.8799702397524,-20.7944942728375,-20.7642105945586,-151.057065479454,-44.0750753055549,104.347059491463,-22.4597136801116,7.33123748953844,-49.7424622328455,171.627141576933,-22.1797421488612,16.2555868388386,-42.7539774189418,-61.0554670990596,-23.275036215569,-158.860437414622,-39.9231355407256,-7.45669929173302,-20.943594339108,-152.629008893042,-36.5942388594453,154.249321489768,-20.6267658837314,27.2277183735079,-41.8861496565272,177.105985370591,-19.1409329999582,45.9465879571092,-47.069452283357,46.2817914109913,-19.4001503853287,41.4417982634969,-38.2302468417459,-101.478081647662,-20.4567996797601,-124.000049920801,-44.5101892341324,-144.234568255712,-20.5284438414572,-135.315772780175,-42.9569804795289,-178.650105631295,-20.933486177217,48.1130556601212,-36.592029928008,-127.506532787389,-21.0071206642252,63.8141095778549,-36.4939268681275,78.3801533044335,-21.5558135781993,-110.103399055594,-41.8526674020757,-4.17596948097988,-19.4282093337635,-135.915355852255,-48.8994861770974,-144.262267521993,-19.5023543620279,-136.596625119671,-38.9417329506532,-107.38887163373,-20.3906416164034,-123.490581735831,-46.6474447348102,39.2759334482716,-20.5349609706705,44.9615970416938,-43.0393649973398,-1.99068231512679,-20.9614202911973,-130.915106617832,-39.0430229528335,-105.835407901499,-22.3866857936748,79.4191959492536,-36.6509032884777,52.1041471720018,-20.9398340041757,-117.378168050748,-36.9237679703945,-107.595524557331,-21.494095041307,73.2349951638255,-44.0629805489579,56.4227129139024,-24.7427025176028,-70.0627174863833,-46.5356676822391,-72.0370255267613,-23.0316559185864,-88.6249173288091,-39.3131611751933,-62.4533919666658,-24.1352879600067,-85.6267941340019,-43.1038196436816,168.511855103571,-27.3404855550878,121.685982657925,-40.6172192420108,125.833298492276,-25.2375077432042,96.8588303094907,-48.9406342246898,-21.6771032104507,-25.176428778452,-85.1210013699825,-52.0091306444043,-95.1680101125102,-28.1635495733152,110.089164055442,-39.2533727459579,70.8067886658242,-22.4747012861025,-101.193164316297,-51.7558604171252,129.949353891925,-30.1548654301614,-48.0929090854509,-44.8541211385177,136.736016785154,-28.8991702517161,-54.846939969566,-43.6665779892192,-138.48726717803,-23.8608459970202,104.672418692369,-47.0257460065562,102.641853941791,-23.1428106670435,86.4746856685923,-39.9677973620322,119.754997573281,-24.2655780595589,98.1793930172709,-43.1703452723264,146.819304402175,-28.5828588355966,125.390707301683,-41.7780014442035,-68.3536957555316,-25.3078338538814,-79.2561708489296,-48.183573986867,149.009419049163,-25.2924042499747,95.9824583459305,-50.0808615455975,95.7414383823902,-27.6666639104658,-72.8766258411747,-51.477239828843,-46.145258529895,-30.3840678274502,129.288379320149,-44.3943160817255,-54.2552070523034,-28.5646463323163,127.766889071449
45,18.7,-36.4015174582603,17.4692474723383,-18.0205661223337,-87.4499650626559,-37.7873431912572,33.9609848386554,-20.8061809351185,87.0270696075052,-37.3106571617499,-158.526481578667,-18.0467806416876,91.1588253473316,-37.5395129891469,-146.9009410124,-20.8008795418703,-92.5102198257944,-47.9976624090538,170.908999033638,-22.1706548815044,86.3377613990831,-62.6137252970327,122.70585662156,-21.9935261465572,95.6233848915069,-44.389992178022,-1.81607541753606,-22.4003996213768,-81.131471257409,-38.8115453884012,52.0094397190896,-20.571628862615,-71.3388976789293,-35.8537384462967,-142.965614947577,-20.2727674200284,110.750083741869,-47.4927732991496,-21.5678777165131,-22.1864564089125,-92.4998224431968,-53.8049188252831,-54.4706809623427,-21.7407725955913,-84.011218669109,-45.4325375581028,177.151625808603,-22.4107443815447,99.3961709929063,-39.0618757404148,-127.370142162232,-20.6992764380915,108.211576712041,-36.5971080544427,39.3910947460353,-20.2090477223292,-71.5510716686774,-46.7711761441881,53.4267692160056,-18.5845440762282,-53.3985422627258,-44.9397069354716,-27.2345968370156,-18.8943946103717,-57.0400370544379,-37.996230107265,148.820291572998,-20.1583651207963,139.648792652343,-46.8983498190549,104.313476192131,-20.0307392678739,126.67886730224,-45.3023888236775,66.4359918879786,-20.5747981197902,-46.735569659556,-37.5642797156593,139.575331630674,-20.6364204414541,-32.8727072737635,-36.8435583816932,-32.7583724290931,-21.0198984308999,153.742152901994,-47.9039189684598,-111.139272770596,-18.9411006936488,126.45117292508,-46.5596108283027,149.662962430175,-18.7966652938736,124.402304285564,-37.9336305750817,159.035127989423,-20.01060090023,141.645152464101,-49.2957553940662,-66.3748175184899,-19.9806169669669,-52.63288095768,-46.9642812247622,-123.367936222848,-20.7625172589592,131.906536275014,-38.7689275028025,148.844472431716,-21.9102315556163,-16.6364686621601,-37.1275569783087,-41.2443486841671,-20.6069419181566,146.053550702722,-37.9843089055288,156.828935961987,-20.8198386308871,-23.4815067055229,-55.7308399764529,24.8385500027844,-23.6788352537762,-169.043506061982,-44.3731025277993,-116.621732887221,-22.0863701724977,174.176268307637,-38.9895038579737,-159.954726570894,-23.1631808677294,177.67923696756,-40.144755483716,52.3388944730496,-26.9806549491235,28.9052236364706,-39.8283084911692,32.0675247870454,-24.4958241568693,3.69764571020114,-46.1104950978209,-151.100701630056,-24.5781419462304,-174.760092141245,-50.0058993853575,-161.137631686388,-27.3164045707269,25.7564077144273,-39.1863819624623,-30.4713112738166,-21.8612878319403,164.940034377329,-40.6965344468544,56.7753114415328,-28.9335494594577,-139.297730915599,-41.6285501557482,25.7861191337272,-27.8642598662934,-149.477907659632,-54.0371391808606,-113.525101967925,-23.1433819843291,6.47831395946769,-44.7686936613895,35.7189415685988,-22.5276591829986,-7.08197290137706,-38.1298909024813,30.2617332463485,-23.0700282648474,1.29046105057191,-42.8592285500975,64.0064878829677,-28.4140767464833,35.5172643188367,-41.2125376338612,-145.665927101991,-24.6641150548597,-170.670959993648,-49.011864474662,32.847615602637,-24.2726438884272,3.90461831836815,-50.5308389829861,-3.80362505309864,-26.6807133757384,-160.664100629778,-41.1657223281847,-128.389697265116,-29.2026401268835,36.490300144775,-42.5339127901221,-139.979568630494,-27.6242936949109,32.4288663982299
45,19.2,-37.7998373233304,-68.4835524914481,-17.7709341421766,172.939107117728,-38.1560028435039,-77.1879936115181,-20.750229980696,-8.34791188525944,-37.9519399689389,113.000718514259,-17.8111273807538,-8.05913195082233,-38.1288323801575,100.074488371229,-20.6926212082294,171.146251288564,-55.7401956761512,145.660042542216,-21.9667642487178,-3.6015580324458,-46.0094602584875,-126.320268336934,-21.7868633135601,1.11866669385751,-50.7205358385192,-73.183775542201,-22.8183981184396,-176.703838128718,-38.1445355738213,-43.6836122475625,-20.6307552140176,-168.061082774407,-36.8296720051144,121.110612443565,-19.8550813414541,14.5852469988819,-51.446729745945,-27.7621589067761,-21.9286949682182,176.140628276035,-43.4144077180605,68.8736856285622,-21.7313949230996,-179.097397369753,-48.9330142565562,130.070802682563,-22.5912768412494,4.04054886085336,-40.1642859199442,138.311581515827,-20.4222459961918,12.033259469901,-35.7680245737569,-53.4162221666281,-19.9034502473509,-167.320586706367,-43.731835374469,14.9890572299062,-18.8333534068873,-150.522346198538,-40.0522991627814,-156.188803279907,-18.6596579688815,-154.363537516323,-36.6966496144572,38.2694167047536,-19.7437075121312,42.5120517073786,-45.5964340177117,1.97288949059513,-19.6361486340047,27.5696753219799,-43.9723489817696,-6.0014010720354,-19.7867190328599,-146.635494024697,-33.138547365843,37.5654581438222,-20.2287864189181,-130.87174221011,-33.966861452204,-120.985303782063,-20.8390018933534,55.6365957922093,-42.0964395914128,-171.200455566467,-18.9081361289491,29.4129808245911,-41.390658399151,12.8358704546207,-18.712391755283,26.757229508558,-34.9753475897,41.3469066748186,-19.485307355857,42.7354175828844,-45.6394193808456,-174.088282697176,-19.5774412202479,-151.995221830419,-44.3667446928903,-173.271934944703,-20.1163664051794,34.8474722776124,-36.795396194133,56.6217439942533,-21.2123205623605,-114.439757219139,-33.0394186855032,-144.92625931727,-20.2782038038553,47.794062387863,-33.312634477778,63.3173721843198,-20.7109702245503,-123.021161648303,-42.444115649251,-82.1023536342246,-24.2292191048161,88.3333405156546,-40.5964663251665,114.877537620818,-22.5164591772884,74.0876321916824,-36.0319156554817,101.544455679112,-23.2495657846356,77.9713505569922,-38.7440919607232,-53.371833018796,-26.4209715315534,-68.657794171169,-37.1322985658707,-77.0880256853542,-24.0345860976546,-95.4084921958922,-50.7668097984304,94.9487331625596,-23.2315581461279,86.4454520564375,-46.5486904226112,82.542860084521,-25.4906430476517,-76.2886020984516,-36.4669446015103,-124.656675758595,-21.1751122523022,65.0144174564376,-38.7875876399346,-69.8788706156154,-27.9255308923086,118.832619006429,-38.2894709560218,-65.2294307882698,-27.5246904498777,109.711992445856,-42.1119458724232,93.9468796264241,-23.5647413556215,-93.8583361732889,-41.9996254777152,-80.7117533659842,-22.4672887572214,-106.337486552611,-35.2526992499142,-79.9085377187655,-23.4151296543129,-99.1505278678741,-38.0558339317607,-45.2432998054289,-27.1795233480521,-64.1661847757307,-37.0902099673452,106.522957873948,-23.7676675364773,90.4349390789379,-49.8531545431091,-65.6148782394773,-23.4142774740317,-95.9516687047408,-47.0663353851511,-95.8508400549377,-25.5953349707496,99.747711008934,-39.3414235893695,104.733901641359,-28.3256605313181,-61.9810787798813,-37.1760803019905,119.723916500238,-27.3103499792493,-70.7298903834523
45,19.7,-34.8215157890751,-172.63540749829,-17.6892284535261,76.0667835285742,-37.5172325308419,-170.274825027205,-20.5689124189745,-104.841486777206,-35.2736610361692,7.6463558400889,-17.6364867366792,-104.925769296152,-37.6382450000354,11.4079082974849,-20.6256776718653,74.9172658472517,-46.3255863501071,25.9437827382948,-21.3173107081269,-100.36725962163,-44.8945546392246,84.5201155277923,-21.6216623487691,-94.7211292811801,-44.4597007409498,177.94349734541,-22.632850158421,91.7108022915233,-36.5712774907632,-149.156904607809,-20.4213210424896,97.3094333888992,-34.4811689174546,14.1387229823259,-19.5556605831156,-81.7696353678039,-43.826136670678,-166.879834270667,-21.527110480687,79.6821716643895,-41.6357950280651,-87.4205250976769,-21.6848274417876,85.7213100564615,-42.9843153949446,10.0531077520863,-22.4258705111749,-88.8471101639796,-37.6945790234145,39.6252240311909,-20.2395069456357,-84.8473563482845,-33.8194953527404,-167.619844942679,-19.5915554963449,97.0597643609297,-40.504083083284,-116.287167025275,-18.6685674113284,115.373423837552,-39.9120606738463,73.9838036367994,-18.5318904405919,109.920994005441,-36.1270547678482,-62.7879410205364,-19.79377708521,-54.1862956373386,-43.6934662699385,-107.454745217541,-19.7511585580407,-69.7458636452337,-41.8752293298834,-125.455901143552,-20.3977045417583,114.697872592841,-33.1012873107704,-74.6672396390561,-20.5677255076422,133.207400618326,-32.9091092955221,121.485267598156,-21.4469072575348,-38.1530600576477,-39.2654494485853,55.8928041908649,-18.7261468991516,-65.4426098401307,-41.2290944851699,-120.08227036901,-18.5638019017125,-68.9340152572211,-35.002536920084,-69.1713488298237,-19.8500356842421,-53.7538079426541,-43.8819851107259,67.2319876617314,-19.7412940397518,110.623108055026,-42.0229693359015,59.7708263822393,-20.271260929082,-63.7138379027298,-36.0070752982453,-53.9957181748859,-21.7614478730591,147.476171564622,-33.2427000934114,104.476332101219,-20.6578299913712,-47.2882747679796,-32.6472747794798,-59.0239291146437,-21.5044821638781,143.495165636172,-41.967431932889,152.770989466847,-24.9844205329943,-2.11072481814173,-39.6449944960924,-10.564144133792,-23.0214813473495,-16.5331815234537,-35.81566816219,-15.1599978031886,-23.8822769121581,-12.5315551919243,-37.2801770264576,-161.123608480097,-27.1661010633105,-164.177043997664,-37.1821232241444,170.041586793459,-24.2583208847099,171.324580676829,-46.2317413979601,11.2162243345487,-24.0369456021149,-12.8190183382893,-45.3012200512712,-15.2548151795654,-26.4011144600397,-177.344137233496,-36.2078017319091,124.231327919898,-21.8624911449003,-32.2418877317106,-40.0164874566425,-167.999500530815,-29.174806384981,21.8411755459137,-38.6125799790035,-166.148134790413,-28.7440786386435,15.2039105864669,-42.8068932056565,-39.3102608494862,-24.0594567746895,174.613024706951,-41.5961007782479,157.197292219833,-22.9529162013303,162.877402834987,-34.745459728927,162.879580405668,-23.8542595935411,169.697013298005,-37.2846843481765,-157.466165499714,-28.4284253275948,-160.007140032376,-36.8210883262323,-12.0056540269693,-23.9972108486805,-7.04979724292349,-44.729991459763,-173.959770364455,-24.2636516425695,167.677286760789,-44.5742654643901,165.892364460412,-26.236141753922,2.42451982817414,-40.2231478121166,12.6319938718337,-29.2009699227313,-158.185774839659,-37.9848292197357,10.7345939768724,-28.8455619205772,-164.525160432872
45,20.2,-35.0372614395691,77.8290998725942,-17.2892495393589,-21.6816616493078,-33.8071769123018,70.6734907175037,-20.8821486549806,159.013867374317,-35.7497807705513,-101.235771708389,-17.300587733348,156.230571456369,-33.4949583580993,-108.857515767383,-20.7963039514474,-20.2515498373421,-53.4864609382099,-86.505145076918,-21.7657055246327,162.280494129747,-49.283091448966,0.985022950127434,-21.9301873821181,169.923638116027,-48.7727503861647,52.6043483430974,-22.0416076853219,-2.37257444388612,-37.8706096021868,109.45667421127,-20.4166375185122,-0.1967081140123,-35.5744175991608,-98.6533110137261,-19.3821123524301,-179.160817022198,-52.7778096286227,74.1977163313187,-21.8025068979396,-16.3881815166615,-45.6635032584051,158.359732599219,-21.8019149299003,-9.144790920468,-45.7612257682657,-109.020061849073,-21.9896345947669,177.226188524606,-38.335971613799,-63.1145535068282,-20.4733153680396,177.610856434475,-35.6170932185807,78.9632608029828,-19.3771993285977,-0.685214695784888,-43.7803052925902,143.73524215653,-18.4708523141201,19.5442451243854,-42.5395962371902,-46.0756044836422,-18.3629166962691,12.4954951366056,-36.2076585384556,-179.542484732646,-19.9388149729405,-149.512435516964,-43.3058348658153,116.546970527223,-20.1497208977949,-165.641164016907,-45.9290482137295,142.919735022525,-21.024717805916,22.2774423140427,-33.2449366052135,-169.174496362605,-20.6300564318483,40.2381384586241,-33.0529194451978,19.1763786510173,-21.3610486586686,-128.584573332657,-44.8234485693012,-45.6037234300918,-18.6004702120333,-162.300734156223,-44.8420973765778,116.699176145048,-18.3529401639643,-165.670605879702,-35.5427794406324,175.132047159078,-20.0237633236541,-147.257016378927,-43.4709114727793,-75.6754476108512,-20.0903822535697,14.8679516073648,-45.5615651887037,-32.7038140837966,-20.8613055462635,-159.706725079535,-35.4372924581323,-151.061871992062,-22.0716863118255,55.9381175048784,-33.4164696110607,8.25444571913986,-20.5822001696664,-140.135897722574,-33.4072512294153,-157.299132157807,-21.3698779818504,54.0574542215653,-45.0960492547264,65.9009063577963,-24.921709413451,-89.812875721709,-44.5305375591301,-144.70941612068,-22.8579596658269,-105.796429587888,-36.5022402662588,-122.671793531128,-23.4621512786432,-103.286001390363,-37.4118581824514,77.9693238672235,-27.5367479559606,104.445562853228,-37.3868273126265,55.2241623365506,-24.2793225443992,77.863070781153,-45.1695183746553,-122.447560755039,-24.1894772735403,-103.692993653447,-45.0852988321759,-109.57879918025,-27.5292687672448,93.6707788909677,-36.1707720685622,29.4746271006629,-22.1324659618147,-122.671447794157,-37.2711188789123,101.288054369615,-29.6816702522782,-65.0666163771119,-35.9647212175965,91.6445729608883,-29.0203745745087,-69.9583782692773,-46.1549731542131,-119.781410218031,-24.0298770086345,85.7178229801164,-43.8669040621594,25.2333650674386,-22.6308290878394,73.0062886959004,-36.3089332716469,51.7400235940549,-23.6460375605536,80.8753471235088,-37.8139917795571,81.0393213984905,-29.1814728138923,109.944783411888,-37.44962360597,-123.660021616854,-24.5691641970369,-99.780539894431,-45.9793966755299,41.8054893244414,-24.1010904543822,76.5103436988684,-44.1058769225776,60.0577173028166,-26.6556789547114,-90.6020408346883,-38.0487159249347,-86.1050928167538,-29.5762441859008,110.954645067923,-35.9040427688267,-84.9817070556254,-28.9113081614061,112.187457411291
45,20.7,-34.8367591129194,-23.8332441846143,-17.6827570291326,-125.830107880917,-35.9912035719445,-51.313017136079,-21.3593724598711,61.0922124239729,-35.0029701809383,159.39422974933,-17.8141876798898,52.5332170423063,-35.8748632212584,128.75496555289,-21.1605137980779,-119.345432488034,-47.5964276543973,-140.596765641216,-22.262777334901,67.3945132558569,-43.9800224118257,-80.4389107076206,-22.2023643208687,71.7250579825428,-50.0566038703804,-16.362494111532,-22.5449837564149,-105.139432003231,-36.2789394716245,11.1864559699668,-20.9801551798902,-101.88030196419,-36.7743539290776,171.088615235946,-19.848148043185,79.6041368508801,-45.27036288706,29.4307450013575,-22.1476551169126,-112.15113473261,-44.2232560041077,98.562884228084,-22.3227340312831,-108.612611304317,-46.3796652087505,169.711536090353,-22.2537317169206,75.2336020213476,-36.7115922165713,-165.586041751527,-20.8210135028594,77.5207183654411,-36.4055553331196,-4.63076332132649,-19.9102524290774,-102.062860292006,-42.5506381680158,55.4635648316012,-18.8660677160484,-83.5560228295554,-43.4641733840877,-113.708279735476,-18.8243848009186,-89.983910367074,-37.1254380290386,95.9173637191565,-20.1076970136015,112.765282500409,-53.7226371925975,40.9035116221005,-20.3707897606869,96.6380008666975,-43.8508870348197,59.945910017062,-20.6702921996388,-72.73581889742,-32.5045218621979,92.1790418350588,-20.7256346910757,-59.1470342605791,-33.4559295598084,-74.0926732922334,-21.1110312703678,132.148261369195,-41.5248992783789,-129.104972749491,-19.0968748735234,96.7563230156524,-44.4489906462304,72.6486398329326,-18.8381633738611,91.266485734015,-36.814442881448,97.5696946398577,-19.894476816793,114.910204117155,-57.6504137925031,140.055638836809,-20.3127647339197,-82.8420970917142,-43.7384381205142,-117.755673700186,-20.972491005202,106.725736831799,-35.0342140886803,105.516521173767,-21.970429498896,-39.0901064376357,-32.2808083458684,-88.4213487734677,-20.6524786561927,120.566972165525,-33.1663713535131,109.094466688557,-21.024871391757,-45.4129780789384,-44.7065116313469,-13.7632317922003,-24.1843587088814,168.440910763049,-45.6253431372999,-139.628008761849,-22.0723861933924,154.716824753522,-37.7026751351468,145.926342416069,-23.284597979416,158.520479563484,-40.9555520873552,9.95617033404003,-27.6106206931838,12.2632692093262,-39.6328212679797,-33.03109102173,-24.5786762788492,-18.5347590654815,-53.1737234124117,119.537267502612,-24.3301942518431,162.22198822425,-47.868028659318,151.209411109273,-27.4289313030729,5.68395080123693,-35.204046016197,-68.8719832780514,-21.7277425534331,141.66157427669,-38.842323041567,-7.50068648822582,-29.3552123852582,-158.720351811443,-37.5424070465813,-3.19979253874237,-27.9955620243521,-166.894648055484,-45.1755964858133,170.194232182466,-23.7069712311207,-15.0763156564207,-49.7653835879769,25.1672900054029,-22.0191205770578,-27.148207172098,-38.6029965401414,-28.6637560207094,-23.0639673375634,-17.6107372323875,-41.7543046364594,23.7672081033165,-28.8821029629035,21.6134343091022,-39.3302751933131,138.874244876422,-24.5809324548184,167.678936594975,-56.827141710982,-63.7639416463858,-24.4032848225239,-19.7722832814456,-47.2465230549171,-34.5079064279339,-27.2189270404582,-178.994644452513,-38.7648615162798,-178.039138906859,-29.668144172506,19.9463551669142,-36.506273658206,174.452406176032,-28.2036823885098,13.0261782134441
45,21.2,-35.1016054885025,-148.548123133605,-19.1250718807194,133.3347915901,-34.1565851205159,-155.033809621211,-22.5368212199935,-33.9249372908976,-35.0259006838267,32.9698612108773,-19.1839685557269,-48.4682510749755,-34.1147862233291,26.8605448906928,-22.5122815710112,145.140840668521,-45.8570827197611,75.8304868959104,-23.4649772575489,-28.8209769010579,-39.8880589612774,147.510595601911,-24.3023639762726,-25.6497931537082,-50.8509573222209,-166.519528425253,-24.5598533466399,163.154945543606,-37.254809626137,-113.378410304784,-23.0178246238025,158.871066735599,-36.1664394177544,44.0256571232482,-21.4844817403116,-23.2400506874254,-43.7944089247772,-122.613847713295,-23.3646590214991,150.010952452231,-39.304671875203,-34.4185664319545,-24.5306658956477,157.857987047387,-47.9103839264051,34.3524438080828,-24.3275752654429,-19.6448409421351,-38.1577487071816,71.7698957832587,-22.8067890709439,-25.4583749796939,-35.5056615232096,-133.898304937398,-21.6580465898504,155.906053333747,-40.7176728306608,-38.8940419431775,-20.7575293930379,173.007593906107,-37.4998039679593,114.286118419041,-20.6114907670478,165.66052893949,-33.3467075929674,-25.8350414218312,-21.0350966350199,6.29545546137022,-41.5790561424999,-55.0190691444274,-21.2564937037927,-10.8152291064605,-42.078868393711,-54.9952749743747,-21.2475291980842,176.508673749429,-30.8707314971858,-21.7876505304954,-21.763434777699,-163.721593469367,-31.7690521677771,176.065104499628,-22.4071565487713,29.9456026661525,-41.6034388034853,133.334937070968,-20.773644947219,-7.47048992542893,-37.6231166027972,-70.4107860226341,-20.6007599795133,-12.8712573213411,-32.216532937933,-24.4194044236067,-20.8242749572714,6.54309122176145,-43.6633853944842,123.132844853195,-21.2231359028401,169.794928027914,-42.8249373846763,122.04685503552,-21.4491675109069,-2.785632568497,-34.4635795120232,-0.623268731681967,-22.073179091587,-144.247678633837,-31.1618746176536,154.030150406353,-21.7541806217362,15.2260075746984,-31.1859818325619,-2.70566906684011,-22.3123817408351,-148.867160884841,-37.779193652566,-123.060484395326,-26.3190543310352,61.995161281741,-35.3745486862924,46.9666422872107,-22.9604663838725,48.2132691549706,-33.7049898423316,28.8832975305245,-23.9528337844807,51.9898582802074,-34.0658231924828,-113.776538167766,-27.2778739436158,-90.8913784633381,-36.4343551529319,-140.616843380597,-24.2561691327343,-119.161707516871,-50.3829172562786,26.3126674316473,-23.474374108881,57.6978526791694,-42.9563001628023,53.1897403800509,-25.7690759292446,-101.427273714529,-34.129740885349,-176.886878039099,-22.0387653637213,34.2955665207284,-35.6808136734093,-110.629597460906,-29.23331324132,95.6004504161757,-33.3033727398995,-115.964705205229,-29.6063549490177,81.6385669894423,-38.4086115432866,49.8206969489915,-25.4945723174289,-121.263351015915,-36.6380866757662,-144.461393558943,-22.9775044881075,-132.79071586871,-33.6455688901356,-145.423411309922,-23.581236202599,-125.87215303794,-34.390066782567,-105.610309492489,-27.9489444579563,-84.4509922520968,-36.7519717128754,33.5689434494015,-23.9691527356979,63.394639437934,-49.6158746925313,-128.907870718883,-23.7803308491393,-120.913465793872,-42.5896558237482,-132.533175785377,-25.8048231983479,75.6906874790896,-35.38246445773,67.5247573169354,-29.5994383227584,-84.7617517267415,-33.0201005155657,59.9758827607014,-29.8302484246735,-97.2832578879683
