First line is descriptive text that is ignored by the preparation tool,,,,,,,,,,,,,,,,,,,,,,,,,,,,,,,,,,,,,,,,,,,,,,,,,,,,,,,,,,,,,,,,,,,,,,,
FirstTheta,0,,,,,,,,,,,,,,,,,,,,,,,,,,,,,,,,,,,,,,,,,,,,,,,,,,,,,,,,,,,,,,,,,,,,,,
DeltaTheta,2,,,,,,,,,,,,,,,,,,,,,,,,,,,,,,,,,,,,,,,,,,,,,,,,,,,,,,,,,,,,,,,,,,,,,,
NumTheta,36,,,,,,,,,,,,,,,,,,,,,,,,,,,,,,,,,,,,,,,,,,,,,,,,,,,,,,,,,,,,,,,,,,,,,,
FirstPhi,0,,,,,,,,,,,,,,,,,,,,,,,,,,,,,,,,,,,,,,,,,,,,,,,,,,,,,,,,,,,,,,,,,,,,,,
DeltaPhi,2,,,,,,,,,,,,,,,,,,,,,,,,,,,,,,,,,,,,,,,,,,,,,,,,,,,,,,,,,,,,,,,,,,,,,,
NumPhi,180,,,,,,,,,,,,,,,,,,,,,,,,,,,,,,,,,,,,,,,,,,,,,,,,,,,,,,,,,,,,,,,,,,,,,,
Frequency,20700,,,,,,,,,,,,,,,,,,,,,,,,,,,,,,,,,,,,,,,,,,,,,,,,,,,,,,,,,,,,,,,,,,,,,,
Polarisation,RHCP,,,,,,,,,,,,,,,,,,,,,,,,,,,,,,,,,,,,,,,,,,,,,,,,,,,,,,,,,,,,,,,,,,,,,,
Beam,1,,,,,,,,,,,,,,,,,,,,,,,,,,,,,,,,,,,,,,,,,,,,,,,,,,,,,,,,,,,,,,,,,,,,,,
Temperature,21,,,,,,,,,,,,,,,,,,,,,,,,,,,,,,,,,,,,,,,,,,,,,,,,,,,,,,,,,,,,,,,,,,,,,,
TriLensQR,440-0375-00188,,,,,,,,,,,,,,,,,,,,,,,,,,,,,,,,,,,,,,,,,,,,,,,,,,,,,,,,,,,,,,,,,,,,,,
LensNumber,2,,,,,,,,,,,,,,,,,,,,,,,,,,,,,,,,,,,,,,,,,,,,,,,,,,,,,,,,,,,,,,,,,,,,,,
RawAttenPhase,FALSE,,,,,,,,,,,,,,,,,,,,,,,,,,,,,,,,,,,,,,,,,,,,,,,,,,,,,,,,,,,,,,,,,,,,,,
0,69.3769,0,68.8016,0,68.226,0,67.6503,0,67.0745,0,66.4988,0,65.9232,0,65.348,0,68.6658,0,72.0419,0,75.4541,0,78.8785,0,82.2907,0,85.6669,0,88.9847,0,87.691,0,86.394,0,85.095,0,83.7953,0,82.4963,0,81.1993,0,79.9056,0,80.9828,0,82.0619,0,83.1422,0,84.2228,0,85.3031,0,86.3822,0,87.4594,0,86.9281,0,86.3965,0,85.8649,0,85.3332,0,84.8015,0,84.27,0,83.7387
0,69.3769,0,70.1008,0,69.5493,0,68.9732,0,68.3968,0,67.8201,0,67.2434,0,66.6667,0,68.0155,0,71.377,0,74.7789,0,78.1977,0,81.6091,0,84.9894,0,88.3157,0,87.8377,0,86.5412,0,85.2426,0,83.9432,0,82.6442,0,81.3472,0,80.0533,0,81.3413,0,82.4215,0,83.5026,0,84.5838,0,85.6644,0,86.7435,0,87.8206,0,88.7779,0,88.2461,0,87.7139,0,87.1812,0,86.6484,0,86.1153,0,85.5822
0,69.3769,0,69.2285,0,70.8262,0,70.2987,0,69.7222,0,69.1453,0,68.568,0,67.9905,0,67.4129,0,70.7156,0,74.1063,0,77.5186,0,80.9284,0,84.3117,0,87.6457,0,87.5176,0,86.6884,0,85.3902,0,84.091,0,82.7922,0,81.495,0,80.2009,0,81.5248,0,82.7815,0,83.8634,0,84.9451,0,86.0259,0,87.1051,0,88.1818,0,89.1823,0,90.1002,0,89.5685,0,89.0361,0,88.5031,0,87.9696,0,87.4358
0,69.3769,0,68.3552,0,69.9536,0,71.5528,0,71.0495,0,70.4729,0,69.8957,0,69.318,0,68.7399,0,70.0579,0,73.4366,0,76.8414,0,80.2486,0,83.6341,0,86.9748,0,86.8467,0,86.7187,0,85.5377,0,84.2388,0,82.9401,0,81.6429,0,80.3486,0,81.6728,0,83.0013,0,84.2246,0,85.3068,0,86.3877,0,87.4668,0,88.5432,0,89.5442,0,90.5476,0,91.4249,0,90.8938,0,90.3619,0,89.8291,0,89.2956
0,69.3769,0,67.7629,0,69.0796,0,70.6801,0,72.2804,0,71.8014,0,71.2249,0,70.6476,0,70.0697,0,69.4911,0,72.7699,0,76.1664,0,79.5699,0,82.9566,0,86.3032,0,86.1752,0,86.0472,0,85.6852,0,84.3865,0,83.088,0,81.7908,0,80.4963,0,81.8207,0,83.1493,0,84.4807,0,85.6687,0,86.7497,0,87.8286,0,88.9045,0,89.906,0,90.9097,0,91.9149,0,92.7506,0,92.2208,0,91.6898,0,91.1578
0,69.3769,0,67.7513,0,68.2048,0,69.8058,0,71.408,0,73.0088,0,72.5544,0,71.9781,0,71.4009,0,70.8229,0,72.1063,0,75.4936,0,78.8926,0,82.2795,0,85.631,0,85.5031,0,85.3752,0,85.2474,0,84.5342,0,83.2358,0,81.9386,0,80.644,0,81.9686,0,83.2973,0,84.6287,0,85.9612,0,87.1119,0,88.1905,0,89.2659,0,90.2677,0,91.2715,0,92.2767,0,93.2827,0,94.0758,0,93.5478,0,93.0184
0,69.3769,0,67.7396,0,67.3294,0,68.9302,0,70.5336,0,72.1369,0,73.7377,0,73.3079,0,72.7321,0,72.1552,0,71.5774,0,74.8232,0,78.2168,0,81.603,0,84.9585,0,84.8307,0,84.703,0,84.5753,0,84.4477,0,83.3836,0,82.0864,0,80.7917,0,82.1165,0,83.4453,0,84.7765,0,86.1088,0,87.4407,0,88.5525,0,89.6272,0,90.6294,0,91.6332,0,92.6383,0,93.6438,0,94.6493,0,95.3992,0,94.8736
0,69.3769,0,67.728,0,66.4539,0,68.0538,0,69.6575,0,71.2626,0,72.8666,0,74.4669,0,74.0619,0,73.4868,0,72.9104,0,74.1555,0,77.5427,0,80.9273,0,84.2858,0,84.1582,0,84.0306,0,83.9032,0,83.7758,0,83.5314,0,82.2342,0,80.9393,0,82.2644,0,83.5932,0,84.9243,0,86.2563,0,87.5878,0,88.9145,0,89.9885,0,90.9908,0,91.9947,0,92.9995,0,94.0046,0,95.0094,0,96.0133,0,96.7194
0,69.3769,0,67.4777,0,66.1425,0,67.1769,0,68.7803,0,70.3864,0,71.9928,0,73.5969,0,75.1961,0,74.816,0,74.2417,0,73.6661,0,76.8705,0,80.2525,0,83.6131,0,83.4857,0,83.3584,0,83.2311,0,83.104,0,82.9769,0,82.382,0,81.087,0,82.4123,0,83.7411,0,85.0721,0,86.4038,0,87.7348,0,89.0636,0,90.3497,0,91.3522,0,92.2709,0,93.1545,0,94.0383,0,94.9219,0,95.8049,0,96.6869
0,69.3769,0,67.0995,0,66.1308,0,66.2999,0,67.9023,0,69.5087,0,71.1167,0,72.7238,0,74.3275,0,75.9252,0,75.57,0,74.9968,0,76.2004,0,79.5788,0,82.9406,0,82.8135,0,82.6864,0,82.5594,0,82.4325,0,82.3057,0,82.179,0,81.2347,0,82.5601,0,83.8889,0,85.2198,0,86.5073,0,87.5455,0,88.5825,0,89.6177,0,90.8886,0,91.7707,0,92.6538,0,93.5373,0,94.4209,0,95.304,0,96.1864
0,69.3769,0,66.7201,0,66.1191,0,65.4234,0,67.0239,0,68.6298,0,70.2388,0,71.8482,0,73.4555,0,75.0582,0,76.6538,0,76.3236,0,75.7517,0,78.9065,0,82.2685,0,82.1416,0,82.0149,0,81.8882,0,81.7616,0,81.6351,0,81.5087,0,81.3824,0,82.4161,0,83.4521,0,84.4896,0,85.5279,0,86.5664,0,87.6044,0,88.6411,0,89.9471,0,91.2514,0,92.1535,0,93.0366,0,93.9199,0,94.8032,0,95.6858
0,69.3769,0,66.3394,0,66.1074,0,64.5476,0,66.1455,0,67.7503,0,69.3594,0,70.9703,0,72.5805,0,74.1875,0,75.7887,0,77.3818,0,77.0766,0,78.2357,0,81.597,0,81.4704,0,81.344,0,81.2176,0,81.0913,0,80.9652,0,80.8849,0,80.8146,0,81.479,0,82.4759,0,83.5117,0,84.5491,0,85.5873,0,86.6255,0,87.6632,0,88.9704,0,90.2768,0,91.5811,0,92.5362,0,93.4192,0,94.3023,0,95.1851
0,69.3769,0,66.3316,0,66.0957,0,64.5182,0,65.2676,0,66.8704,0,68.4789,0,70.0906,0,71.703,0,73.3135,0,74.9197,0,76.5189,0,78.1089,0,77.8287,0,80.9262,0,80.8,0,80.6739,0,80.5479,0,80.4575,0,80.3871,0,80.3167,0,80.2463,0,80.9112,0,81.5756,0,82.5356,0,83.5714,0,84.6086,0,85.6466,0,86.6846,0,87.9921,0,89.3,0,90.6067,0,91.911,0,92.9188,0,93.8017,0,94.6845
0,69.3769,0,66.3316,0,66.084,0,64.5065,0,64.3905,0,65.9906,0,67.5977,0,69.2095,0,70.8233,0,72.4367,0,74.047,0,75.6518,0,77.2485,0,78.8348,0,80.2564,0,80.1305,0,80.0302,0,79.9598,0,79.8893,0,79.8188,0,79.7483,0,79.6777,0,80.3429,0,81.0078,0,81.6723,0,82.5953,0,83.631,0,84.6681,0,85.7059,0,87.013,0,88.3214,0,89.6298,0,90.9368,0,92.241,0,93.3012,0,94.1839
0,69.3769,0,66.3316,0,66.0722,0,64.4947,0,63.5148,0,65.1113,0,66.7163,0,68.3274,0,69.9419,0,71.5573,0,73.1711,0,74.7806,0,76.3835,0,77.9772,0,79.6827,0,79.5325,0,79.462,0,79.3914,0,79.3208,0,79.2502,0,79.1795,0,79.1089,0,79.7743,0,80.4395,0,81.1045,0,81.769,0,82.655,0,83.6906,0,84.7275,0,86.0335,0,87.3418,0,88.6511,0,89.96,0,91.2671,0,92.5711,0,93.6835
0,69.3769,0,66.3316,0,65.9477,0,64.4829,0,62.9044,0,64.233,0,65.8351,0,67.4447,0,69.0591,0,70.6758,0,72.2923,0,73.9059,0,75.5142,0,77.1147,0,79.6323,0,79.1065,0,78.8935,0,78.8228,0,78.7521,0,78.6814,0,78.6107,0,78.5399,0,79.2054,0,79.8709,0,80.5362,0,81.2012,0,81.8656,0,82.7147,0,83.7501,0,85.0542,0,86.3616,0,87.671,0,88.9811,0,90.2002,0,90.8606,0,91.5227
0,69.3769,0,66.3316,0,65.5667,0,64.4712,0,62.8926,0,63.356,0,64.9545,0,66.5618,0,68.1753,0,69.7926,0,71.411,0,73.028,0,74.641,0,76.6223,0,79.582,0,79.0561,0,78.53,0,78.2542,0,78.1834,0,78.1126,0,78.0418,0,77.971,0,78.6364,0,79.3019,0,79.9675,0,80.6329,0,81.2979,0,81.9623,0,82.7743,0,84.0757,0,84.9186,0,85.5698,0,86.224,0,86.8811,0,87.541,0,88.2034
0,69.3769,0,66.3316,0,65.1845,0,64.4594,0,62.8808,0,62.4808,0,64.0749,0,65.6792,0,67.2911,0,68.9081,0,70.5277,0,72.1473,0,73.7643,0,76.5716,0,79.5316,0,79.0057,0,78.4796,0,77.9533,0,77.6148,0,77.544,0,77.4731,0,77.4022,0,78.0674,0,78.7329,0,79.3985,0,80.0641,0,80.7296,0,81.3867,0,82.0162,0,80.9436,0,81.5831,0,82.2266,0,82.874,0,83.5251,0,84.1798,0,84.8379
0,69.3769,0,66.3316,0,64.8012,0,64.4476,0,62.869,0,61.6077,0,63.1968,0,64.7972,0,66.4067,0,68.0228,0,69.6428,0,71.2642,0,73.5172,0,76.5209,0,79.4813,0,78.9553,0,78.4292,0,77.9029,0,77.3766,0,76.9755,0,76.9045,0,76.8336,0,77.4984,0,78.1637,0,78.8294,0,79.4899,0,80.1207,0,80.7512,0,81.3812,0,80.0059,0,78.6244,0,78.8781,0,79.5142,0,80.1547,0,80.7997,0,81.4489
0,69.3769,0,66.3316,0,64.4168,0,64.4358,0,62.8572,0,61.2801,0,62.3204,0,63.9164,0,65.5227,0,67.137,0,68.7566,0,70.4355,0,73.4664,0,76.4701,0,79.4309,0,78.905,0,78.3788,0,77.8525,0,77.3262,0,76.7999,0,76.3363,0,76.2653,0,76.9297,0,77.5921,0,78.223,0,78.8539,0,79.4848,0,80.1155,0,80.7459,0,79.3689,0,77.9864,0,76.5998,0,76.1676,0,76.7933,0,77.4241,0,78.0599
0,69.3769,0,66.3316,0,64.0314,0,64.4241,0,62.8454,0,61.2683,0,61.4463,0,63.0371,0,64.6395,0,66.2512,0,67.8697,0,70.3848,0,73.4155,0,76.4194,0,79.3805,0,78.8546,0,78.3284,0,77.8022,0,77.2758,0,76.7496,0,76.2234,0,75.6975,0,76.327,0,76.957,0,77.5874,0,78.2182,0,78.849,0,79.4797,0,80.1103,0,78.732,0,77.3488,0,75.9624,0,74.5744,0,73.4637,0,74.0762,0,74.6944
0,69.3769,0,66.3316,0,63.6449,0,64.4123,0,62.8336,0,61.2565,0,60.5749,0,62.1596,0,63.7574,0,65.3658,0,67.2938,0,70.3342,0,73.3647,0,76.3687,0,79.3302,0,78.8042,0,78.2781,0,77.7518,0,77.2255,0,76.6992,0,76.1731,0,75.2521,0,75.7592,0,76.3226,0,76.9525,0,77.5828,0,78.2134,0,78.844,0,79.4746,0,78.0953,0,76.7118,0,75.3259,0,73.9391,0,72.553,0,71.1693,0,71.3751
0,69.3769,0,66.3316,0,63.2573,0,64.4005,0,62.8218,0,61.2447,0,59.7064,0,61.2845,0,62.8769,0,64.4812,0,67.2437,0,70.2836,0,73.3139,0,76.318,0,79.2798,0,78.7539,0,78.2277,0,77.7014,0,77.1751,0,76.6489,0,75.7668,0,74.8064,0,75.3137,0,75.821,0,76.3281,0,76.948,0,77.5781,0,78.2086,0,78.8391,0,77.4591,0,76.0757,0,74.6905,0,73.3053,0,71.9215,0,70.5408,0,68.7951
0,69.3769,0,66.3316,0,63.2415,0,64.0324,0,62.81,0,61.2329,0,59.6597,0,60.4121,0,61.9984,0,64.162,0,67.1936,0,70.233,0,73.2631,0,76.2672,0,79.2294,0,78.7035,0,78.1773,0,77.6511,0,77.1248,0,76.2818,0,75.3212,0,74.3606,0,74.868,0,75.3754,0,75.8827,0,76.3899,0,76.9435,0,77.5735,0,78.2038,0,76.8234,0,75.4404,0,74.0564,0,72.548,0,70.7802,0,69.0104,0,67.2422
0,69.3769,0,66.3316,0,63.2415,0,63.648,0,62.7982,0,61.221,0,59.6479,0,59.5428,0,61.1223,0,64.1127,0,67.1436,0,70.1825,0,73.2124,0,76.2165,0,79.1791,0,78.6531,0,78.127,0,77.6007,0,76.7968,0,75.8362,0,74.8753,0,73.9146,0,74.4221,0,74.9296,0,75.4371,0,75.9445,0,76.4517,0,76.9587,0,77.5688,0,76.1885,0,74.5409,0,72.7742,0,71.0017,0,69.227,0,67.4534,0,65.6843
0,69.3769,0,66.3316,0,63.2415,0,63.2627,0,62.7864,0,61.2092,0,59.6361,0,58.677,0,61.0584,0,64.0634,0,67.0935,0,70.1319,0,73.1616,0,76.1658,0,79.1287,0,78.6028,0,78.0766,0,77.3119,0,76.3514,0,75.3903,0,74.4292,0,73.4687,0,73.9761,0,74.4837,0,74.9913,0,75.4989,0,76.0063,0,76.5136,0,76.7452,0,74.7724,0,73.0015,0,71.2245,0,69.4448,0,67.6658,0,65.8909,0,64.1235
0,69.3769,0,66.3316,0,63.2415,0,62.8764,0,62.7746,0,61.1974,0,59.6243,0,58.0576,0,61.0075,0,64.0142,0,67.0435,0,70.0814,0,73.1108,0,76.1151,0,79.0784,0,78.5524,0,77.827,0,76.8667,0,75.9056,0,74.9442,0,73.9831,0,73.0227,0,73.53,0,74.0376,0,74.5453,0,75.053,0,75.5606,0,75.6582,0,75.6927,0,73.6394,0,71.5664,0,69.6639,0,67.8795,0,66.0989,0,64.3254,0,62.5623
0,69.3769,0,66.3316,0,63.2415,0,62.4891,0,62.7628,0,61.1856,0,59.6125,0,58.0458,0,60.0768,0,63.3188,0,66.5968,0,69.8895,0,73.0601,0,76.0645,0,79.028,0,78.3419,0,77.3821,0,76.4211,0,75.4596,0,74.498,0,73.5368,0,72.5767,0,73.084,0,73.5914,0,74.0991,0,74.5358,0,74.57,0,74.6042,0,74.6384,0,72.5789,0,70.5024,0,68.4144,0,66.3201,0,64.5285,0,62.7591,0,61.003
0,69.3769,0,66.3316,0,63.2415,0,62.101,0,62.751,0,61.1738,0,59.6007,0,58.034,0,59.1755,0,62.3772,0,65.6435,0,68.9307,0,72.2174,0,75.4821,0,78.7041,0,77.8974,0,76.9367,0,75.9751,0,75.0133,0,74.0516,0,73.0906,0,72.1309,0,72.6379,0,73.1453,0,73.4475,0,73.4813,0,73.5152,0,73.549,0,73.5829,0,71.5186,0,69.4401,0,67.3529,0,65.2623,0,63.1739,0,61.1943,0,59.4478
0,69.3769,0,66.3316,0,63.2415,0,61.712,0,62.7392,0,61.162,0,59.5888,0,58.0222,0,59.1637,0,61.4411,0,64.694,0,67.9739,0,71.2595,0,74.5294,0,77.7626,0,76.9652,0,76.1674,0,75.3697,0,74.5668,0,73.6051,0,72.6444,0,71.6853,0,72.192,0,72.3596,0,72.393,0,72.4265,0,72.4599,0,72.4934,0,72.527,0,70.4593,0,68.3802,0,66.2952,0,64.2096,0,62.1291,0,60.059,0,58.1484
0,69.3769,0,66.3316,0,63.2415,0,61.3221,0,62.4987,0,61.1501,0,59.577,0,58.0104,0,59.1519,0,60.5109,0,63.7487,0,67.0195,0,70.3023,0,73.5755,0,76.8182,0,76.0196,0,75.221,0,74.4228,0,73.6253,0,72.8287,0,72.0335,0,71.2398,0,71.2728,0,71.3058,0,71.3389,0,71.3719,0,71.405,0,71.4381,0,71.4713,0,69.4017,0,67.3234,0,65.242,0,63.1628,0,61.1487,0,59.4963,0,57.8494
0,69.3769,0,66.3316,0,63.2415,0,60.9315,0,62.1128,0,61.1383,0,59.5652,0,57.9986,0,59.1401,0,60.2837,0,62.8082,0,66.0682,0,69.3462,0,72.6211,0,75.8714,0,75.072,0,74.2731,0,73.4748,0,72.6777,0,71.8818,0,71.0876,0,70.3478,0,70.3181,0,70.2884,0,70.2858,0,70.3184,0,70.3511,0,70.3838,0,70.4165,0,68.3464,0,66.2704,0,64.194,0,62.505,0,60.8493,0,59.1969,0,57.5504
0,69.3769,0,66.3316,0,63.2415,0,60.5401,0,61.7259,0,61.1265,0,59.5534,0,57.9868,0,59.1283,0,60.2719,0,61.8729,0,65.1203,0,68.3919,0,71.6665,0,74.9227,0,74.123,0,73.3241,0,72.5263,0,71.7299,0,70.9352,0,70.1609,0,69.4541,0,69.4247,0,69.3953,0,69.3659,0,69.3365,0,69.3071,0,69.3312,0,69.3635,0,67.2943,0,65.5181,0,63.8629,0,62.2059,0,60.5498,0,58.8973,0,57.2514
0,69.3769,0,66.3316,0,63.2415,0,60.148,0,61.3383,0,61.1147,0,59.5416,0,57.975,0,59.1165,0,60.2601,0,61.405,0,64.1765,0,67.4398,0,70.7123,0,73.9727,0,73.1731,0,72.3747,0,71.5777,0,70.7825,0,69.9894,0,69.2672,0,68.5591,0,68.53,0,68.5008,0,68.4717,0,68.4426,0,68.4136,0,68.3845,0,68.3607,0,66.8735,0,65.221,0,63.5644,0,61.9065,0,60.25,0,58.5977,0,56.9523
0,69.3769,0,66.3316,0,63.2415,0,60.1239,0,60.9498,0,61.1029,0,59.5298,0,57.9632,0,59.1047,0,60.2483,0,61.3932,0,63.2372,0,66.4905,0,69.7591,0,73.0218,0,72.2228,0,71.4253,0,70.6296,0,69.8361,0,69.0805,0,68.3724,0,67.6632,0,67.6344,0,67.6055,0,67.5767,0,67.548,0,67.5192,0,67.4948,0,67.4854,0,66.1088,0,64.7268,0,63.2656,0,61.6069,0,59.9501,0,58.298,0,56.6533
0,69.3769,0,66.3316,0,63.2415,0,60.1239,0,60.5606,0,61.091,0,59.518,0,57.9515,0,59.0929,0,60.2365,0,61.3815,0,62.5268,0,65.5444,0,68.8074,0,72.0706,0,71.2725,0,70.4764,0,69.6825,0,68.8938,0,68.1858,0,67.4767,0,66.7669,0,66.7383,0,66.7098,0,66.6814,0,66.6529,0,66.628,0,66.6185,0,66.609,0,65.2301,0,63.8469,0,62.4609,0,61.0739,0,59.65,0,57.9982,0,56.3543
0,69.3769,0,66.3316,0,63.2415,0,60.1239,0,60.1707,0,61.0792,0,59.5062,0,57.9397,0,59.0811,0,60.2247,0,61.3697,0,62.515,0,64.6021,0,67.8576,0,71.1196,0,70.323,0,69.5286,0,68.7368,0,67.9993,0,67.2904,0,66.5807,0,65.8705,0,65.8423,0,65.8142,0,65.786,0,65.7607,0,65.7511,0,65.7415,0,65.7318,0,64.3513,0,62.9674,0,61.5819,0,60.1963,0,58.8123,0,57.4314,0,56.0553
0,69.3769,0,66.3316,0,63.2415,0,60.1239,0,59.7801,0,60.968,0,59.4943,0,57.9279,0,59.0693,0,60.2129,0,61.3579,0,62.5032,0,63.6641,0,66.9104,0,70.1693,0,69.3746,0,68.5824,0,67.8129,0,67.1042,0,66.3947,0,65.6848,0,64.9746,0,64.9468,0,64.919,0,64.8932,0,64.8835,0,64.8738,0,64.8641,0,64.8543,0,63.4728,0,62.089,0,60.7045,0,59.321,0,57.9401,0,56.5134,0,55.0202
0,69.3769,0,66.3316,0,63.2415,0,60.1239,0,59.3888,0,60.581,0,59.4825,0,57.9161,0,59.0575,0,60.2011,0,61.3461,0,62.4915,0,63.6363,0,65.9662,0,69.2202,0,68.4278,0,67.6384,0,66.9181,0,66.2089,0,65.4993,0,64.7894,0,64.0796,0,64.0521,0,64.026,0,64.0162,0,64.0064,0,63.9965,0,63.9867,0,63.9769,0,62.595,0,61.2119,0,59.8292,0,58.4484,0,56.9723,0,55.4777,0,53.9833
0,69.3769,0,66.3316,0,63.2415,0,60.1239,0,58.9969,0,60.1932,0,59.4707,0,57.9043,0,59.0457,0,60.1893,0,61.3343,0,62.4797,0,63.6246,0,65.0256,0,68.273,0,67.4833,0,66.7322,0,66.0233,0,65.3139,0,64.6044,0,63.895,0,63.1859,0,63.1594,0,63.1495,0,63.1396,0,63.1297,0,63.1198,0,63.1099,0,63.1,0,61.7184,0,60.3366,0,58.9253,0,57.432,0,55.9362,0,54.44,0,52.9454
0,69.3769,0,66.3316,0,63.2415,0,60.1239,0,58.6044,0,59.8048,0,59.4589,0,57.8925,0,59.0339,0,60.1775,0,61.3225,0,62.4679,0,63.6128,0,64.7564,0,67.328,0,66.5465,0,65.8378,0,65.1288,0,64.4196,0,63.7106,0,63.002,0,62.2939,0,62.2839,0,62.2739,0,62.2639,0,62.2539,0,62.2439,0,62.2339,0,62.2239,0,60.8433,0,59.3862,0,57.8924,0,56.3956,0,54.8977,0,53.4008,0,51.907
0,69.3769,0,66.3316,0,63.2415,0,60.1239,0,58.2114,0,59.4157,0,59.4471,0,57.8807,0,59.0221,0,60.1657,0,61.3107,0,62.4561,0,63.6011,0,64.7447,0,66.3857,0,65.6525,0,64.9438,0,64.1871,0,63.3905,0,62.5929,0,61.7947,0,60.9963,0,61.0413,0,61.0863,0,61.1312,0,61.1762,0,61.221,0,61.2659,0,61.273,0,59.8474,0,58.3535,0,56.8559,0,55.3565,0,53.8576,0,52.361,0,50.8689
0,69.3769,0,66.3316,0,63.2415,0,60.1239,0,57.8178,0,59.026,0,59.4353,0,57.8689,0,59.0103,0,60.1539,0,61.2989,0,62.4443,0,63.5893,0,64.733,0,65.6073,0,64.49,0,63.692,0,62.893,0,62.0934,0,61.2933,0,60.4932,0,59.6933,0,59.7388,0,59.7842,0,59.8296,0,59.875,0,59.9204,0,59.9657,0,59.5543,0,58.2856,0,57.0139,0,55.7406,0,54.3155,0,52.8164,0,51.3211,0,49.8317
0,69.3769,0,66.3316,0,63.2415,0,60.1239,0,57.4238,0,58.6357,0,59.4235,0,57.8571,0,58.9985,0,60.1421,0,61.2871,0,62.4326,0,63.5776,0,64.693,0,65.0166,0,63.3724,0,62.3932,0,61.5916,0,60.7897,0,59.988,0,59.1867,0,58.3862,0,58.4321,0,58.478,0,58.5238,0,58.5696,0,58.6154,0,58.3278,0,57.8262,0,56.5531,0,55.2788,0,54.0046,0,52.7316,0,51.4611,0,50.1945,0,48.7962
0,69.3769,0,66.3316,0,63.2415,0,60.1239,0,57.0293,0,58.2449,0,59.4116,0,57.8454,0,58.9867,0,60.1303,0,61.2753,0,62.4208,0,63.5658,0,64.1013,0,64.4251,0,62.7779,0,61.1189,0,60.284,0,59.4809,0,58.6783,0,57.8767,0,57.0764,0,57.1226,0,57.1689,0,57.2151,0,57.2613,0,57.099,0,56.5958,0,56.0917,0,54.8166,0,53.542,0,52.2692,0,50.9994,0,49.7337,0,48.4735,0,48.3954
0,69.3769,0,66.3316,0,63.2415,0,60.1239,0,56.9971,0,57.8535,0,59.0548,0,57.8336,0,58.9749,0,60.1185,0,61.2635,0,62.409,0,63.1848,0,63.509,0,63.8331,0,62.1831,0,60.5224,0,58.9718,0,58.1681,0,57.3655,0,56.5645,0,55.7652,0,55.8118,0,55.8583,0,55.9049,0,55.8689,0,55.3646,0,54.8596,0,54.354,0,53.0793,0,51.8068,0,50.5377,0,49.2732,0,48.1867,0,48.1698,0,48.1529
0,69.3769,0,66.3316,0,63.2415,0,60.1239,0,56.9971,0,57.4617,0,58.6667,0,57.8218,0,58.9631,0,60.1067,0,61.2517,0,62.2677,0,62.592,0,62.9164,0,63.2406,0,61.5883,0,59.9262,0,58.2569,0,56.8528,0,56.0511,0,55.2514,0,54.454,0,54.5008,0,54.5477,0,54.5945,0,54.1337,0,53.6283,0,53.1225,0,52.6164,0,51.3443,0,50.0761,0,48.8131,0,47.9612,0,47.9443,0,47.9273,0,47.9104
0,69.3769,0,66.3316,0,63.2415,0,60.1239,0,56.9971,0,57.0694,0,58.278,0,57.81,0,58.9513,0,60.0949,0,61.2399,0,61.6747,0,61.9991,0,62.3235,0,62.6478,0,60.9935,0,59.3303,0,57.6611,0,55.9885,0,54.7364,0,53.9389,0,53.1441,0,53.1912,0,53.2383,0,52.9044,0,52.399,0,51.8934,0,51.3877,0,50.8819,0,49.6148,0,48.3533,0,47.7356,0,47.7187,0,47.7018,0,47.6848,0,47.6679
0,69.3769,0,66.3316,0,63.2415,0,60.1239,0,56.9971,0,56.6768,0,57.8889,0,57.7982,0,58.9395,0,60.0831,0,60.7574,0,61.0817,0,61.4061,0,61.7305,0,62.0549,0,60.3989,0,58.735,0,57.0661,0,55.395,0,53.7244,0,52.6282,0,51.837,0,51.8843,0,51.6776,0,51.1728,0,50.6679,0,50.163,0,49.6583,0,49.1538,0,47.8939,0,47.5101,0,47.4931,0,47.4762,0,47.4593,0,47.4424,0,47.4254
0,69.3769,0,66.3316,0,63.2415,0,60.1239,0,56.9971,0,56.2837,0,57.4992,0,57.7864,0,58.9277,0,59.8407,0,60.1647,0,60.4889,0,60.8132,0,61.1375,0,61.4619,0,59.8046,0,58.1404,0,56.4722,0,54.8027,0,53.1349,0,51.4714,0,50.534,0,50.4546,0,49.9507,0,49.447,0,48.9434,0,48.4402,0,47.9374,0,47.4351,0,47.2845,0,47.2676,0,47.2507,0,47.2337,0,47.2168,0,47.1999,0,47.183
0,69.3769,0,66.3316,0,63.2415,0,60.1239,0,56.9971,0,55.8903,0,57.1091,0,57.7746,0,58.9159,0,59.2486,0,59.5724,0,59.8964,0,60.2205,0,60.5446,0,60.8689,0,59.2107,0,57.5466,0,55.8794,0,54.212,0,52.5472,0,50.8877,0,49.2364,0,48.797,0,48.3573,0,47.9174,0,47.4772,0,47.0368,0,46.5964,0,46.1558,0,46.3249,0,46.4939,0,46.6627,0,46.8315,0,46.9743,0,46.9574,0,46.9405
0,69.3769,0,66.3316,0,63.2415,0,60.1239,0,56.9971,0,55.4967,0,56.7187,0,57.7628,0,58.3338,0,58.6571,0,58.9806,0,59.3042,0,59.6281,0,59.9521,0,60.2762,0,58.6173,0,56.9536,0,55.2879,0,53.6229,0,51.9615,0,50.2372,0,48.3549,0,47.5631,0,47.1221,0,46.681,0,46.2398,0,45.7987,0,45.3575,0,44.9164,0,45.086,0,45.2556,0,45.425,0,45.5944,0,45.7637,0,45.9329,0,44.5089
0,69.3769,0,66.3316,0,63.2415,0,60.1239,0,56.9971,0,55.1027,0,56.3278,0,57.5363,0,57.7423,0,58.0662,0,58.3893,0,58.7126,0,59.0362,0,59.3599,0,59.6838,0,58.0247,0,56.3617,0,54.6978,0,53.0355,0,51.241,0,49.3552,0,47.4716,0,46.6642,0,45.8823,0,45.4405,0,44.9987,0,44.5571,0,44.1157,0,43.6745,0,43.8445,0,44.0144,0,44.1843,0,44.3541,0,44.5239,0,43.0379,0,40.529
0,69.3769,0,66.3316,0,63.2415,0,60.1239,0,56.9971,0,54.7086,0,55.9366,0,57.1484,0,56.9778,0,57.3993,0,57.7988,0,58.1217,0,58.4448,0,58.7682,0,59.0918,0,57.4328,0,55.771,0,54.1091,0,52.2472,0,50.3592,0,48.4711,0,46.5871,0,45.7782,0,44.9674,0,44.1969,0,43.755,0,43.3133,0,42.872,0,42.4311,0,42.6014,0,42.7716,0,42.9417,0,43.1119,0,41.5649,0,39.0404,0,36.4682
0,69.3769,0,66.3316,0,63.2415,0,60.1239,0,56.9971,0,54.3142,0,55.5451,0,56.7601,0,56.2223,0,56.6341,0,57.056,0,57.4774,0,57.8542,0,58.1772,0,58.5004,0,56.8419,0,55.1382,0,53.2553,0,51.3662,0,49.4748,0,47.5853,0,45.7018,0,44.8916,0,44.0801,0,43.2674,0,42.5097,0,42.0685,0,41.6278,0,41.1876,0,41.3579,0,41.5282,0,41.6985,0,40.0917,0,37.5551,0,34.9766,0,32.3659
0,69.3769,0,66.3316,0,63.2415,0,60.1239,0,56.9971,0,53.9198,0,55.1534,0,56.3714,0,55.8331,0,55.8673,0,56.2901,0,56.7124,0,57.1342,0,57.5555,0,57.9097,0,56.1452,0,54.2646,0,52.3755,0,50.482,0,48.5881,0,46.6981,0,44.816,0,44.0051,0,43.1931,0,42.3803,0,41.5672,0,40.8238,0,40.3841,0,39.945,0,40.1152,0,40.2854,0,38.6205,0,36.0751,0,33.4938,0,30.8864,0,28.2635
0,69.3769,0,66.3316,0,63.2415,0,60.1239,0,56.9971,0,53.8795,0,54.7614,0,55.9824,0,55.4437,0,55.0993,0,55.5227,0,55.9458,0,56.3685,0,56.7907,0,57.2124,0,55.2745,0,53.3866,0,51.4921,0,49.595,0,47.6997,0,45.81,0,43.9303,0,43.1189,0,42.3069,0,41.4945,0,40.682,0,39.8697,0,39.1421,0,38.7045,0,38.8745,0,37.153,0,34.6024,0,32.0218,0,29.4212,0,26.8113,0,24.2027
0,69.3769,0,66.3316,0,63.2415,0,60.1239,0,56.9971,0,53.8795,0,54.3693,0,55.5931,0,55.0539,0,54.5142,0,54.7542,0,55.1779,0,55.6013,0,56.0243,0,56.4468,0,54.4993,0,52.5369,0,50.6054,0,48.7058,0,46.8098,0,44.9215,0,43.0449,0,42.2336,0,41.4219,0,40.6102,0,39.7987,0,38.9879,0,38.178,0,37.4673,0,35.6913,0,33.1388,0,30.5622,0,27.9718,0,25.3781,0,22.7916,0,20.2228
0,69.3769,0,66.3316,0,63.2415,0,60.1239,0,56.9971,0,53.8795,0,53.977,0,55.2035,0,54.664,0,54.1239,0,53.9849,0,54.409,0,54.8329,0,55.2565,0,55.6798,0,53.7278,0,51.7628,0,49.7894,0,47.8147,0,45.919,0,44.0329,0,42.1604,0,41.3495,0,40.5385,0,39.7279,0,38.9179,0,38.1089,0,37.5715,0,37.076,0,35.4242,0,32.6192,0,29.7889,0,26.9469,0,24.1072,0,21.2836,0,18.4895
0,69.3769,0,66.3316,0,63.2415,0,60.1239,0,56.9971,0,53.8795,0,53.5845,0,54.8137,0,54.2738,0,53.7336,0,53.215,0,53.6394,0,54.0637,0,54.4878,0,54.9116,0,52.9559,0,50.989,0,49.0154,0,47.0399,0,45.067,0,43.1447,0,41.2772,0,40.467,0,39.6572,0,38.9837,0,38.4879,0,37.9921,0,37.4964,0,37.0009,0,35.8892,0,34.1145,0,31.3014,0,28.4693,0,25.632,0,22.8034,0,19.9971
0,69.3769,0,66.3316,0,63.2415,0,60.1239,0,56.9971,0,53.8795,0,53.192,0,54.4237,0,53.8836,0,53.3431,0,52.8023,0,52.8693,0,53.2938,0,53.7182,0,54.1425,0,52.1837,0,50.2156,0,48.2427,0,46.2696,0,44.301,0,42.3415,0,40.3957,0,39.9002,0,39.4045,0,38.9087,0,38.4128,0,37.917,0,37.4213,0,36.9258,0,35.8141,0,34.7,0,32.8028,0,29.9845,0,27.1536,0,24.324,0,21.5093
0,69.3769,0,66.3316,0,63.2415,0,60.1239,0,56.9971,0,53.8795,0,52.7995,0,54.0335,0,53.4932,0,52.9526,0,52.4117,0,52.0991,0,52.5237,0,52.9482,0,53.3727,0,51.4117,0,49.443,0,47.4714,0,45.5014,0,43.5378,0,41.585,0,40.5659,0,39.8793,0,39.3294,0,38.8336,0,38.3378,0,37.8419,0,37.3462,0,36.8508,0,35.7389,0,34.6248,0,33.5091,0,31.4904,0,28.6698,0,25.8432,0,23.0241
0,69.3769,0,66.3316,0,63.2415,0,60.1239,0,56.9971,0,53.8795,0,52.4069,0,53.6433,0,53.1028,0,52.562,0,52.0212,0,51.4803,0,51.7534,0,52.178,0,52.6026,0,50.6399,0,48.6715,0,46.7019,0,44.7358,0,42.7778,0,41.4608,0,40.7361,0,40.0495,0,39.3627,0,38.7585,0,38.2627,0,37.7668,0,37.2712,0,36.7757,0,35.6638,0,34.5496,0,33.434,0,32.3178,0,30.1786,0,27.3588,0,24.5392
0,69.3769,0,66.3316,0,63.2415,0,60.1239,0,56.9971,0,53.8795,0,52.0144,0,53.2529,0,52.7123,0,52.1715,0,51.6307,0,51.0898,0,50.9834,0,51.4078,0,51.8323,0,49.8688,0,47.9013,0,45.9345,0,43.9729,0,42.3569,0,41.6312,0,40.9063,0,40.2198,0,39.5329,0,38.8459,0,38.1876,0,37.6917,0,37.1961,0,36.7006,0,35.5886,0,34.4744,0,33.3589,0,32.2428,0,31.127,0,28.8688,0,26.0527
0,69.3769,0,66.3316,0,63.2415,0,60.1239,0,56.9971,0,53.8795,0,51.622,0,52.8625,0,52.3218,0,51.7811,0,51.2403,0,50.6996,0,50.2139,0,50.638,0,51.0623,0,49.0986,0,47.1327,0,45.1693,0,43.2538,0,42.5274,0,41.8015,0,41.0766,0,40.3901,0,39.7032,0,39.0161,0,38.329,0,37.6421,0,37.121,0,36.6255,0,35.5135,0,34.3993,0,33.2838,0,32.1678,0,31.0522,0,29.9378,0,27.5624
0,69.3769,0,66.3316,0,63.2415,0,60.1239,0,56.9971,0,53.8795,0,51.2296,0,52.4721,0,51.9314,0,51.3907,0,50.85,0,50.3095,0,49.7693,0,49.8688,0,50.2927,0,48.3296,0,46.366,0,44.4068,0,43.4242,0,42.6978,0,41.9719,0,41.2468,0,40.5604,0,39.8735,0,39.1864,0,38.4992,0,37.8121,0,37.1254,0,36.5505,0,35.4383,0,34.3241,0,33.2087,0,32.0928,0,30.9578,0,29.7026,0,28.4491
0,69.3769,0,66.3316,0,63.2415,0,60.1239,0,56.9971,0,53.8795,0,50.8374,0,52.0817,0,51.541,0,51.0004,0,50.4599,0,49.9197,0,49.3798,0,49.1005,0,49.5239,0,47.562,0,45.6015,0,44.3213,0,43.5945,0,42.8681,0,42.1422,0,41.4171,0,40.7307,0,40.0438,0,39.3566,0,38.6694,0,37.9822,0,37.2953,0,36.4281,0,34.4131,0,33.1542,0,31.8936,0,30.6328,0,29.3727,0,28.1147,0,26.86
0,69.3769,0,66.3316,0,63.2415,0,60.1239,0,56.9971,0,53.8795,0,50.7894,0,51.6914,0,51.1508,0,50.6103,0,50.0701,0,49.5301,0,48.9905,0,48.4515,0,48.7561,0,46.7961,0,45.2181,0,44.4915,0,43.7648,0,43.0385,0,42.3125,0,41.5873,0,40.901,0,40.2141,0,39.527,0,38.8396,0,38.0704,0,37.1679,0,36.2664,0,33.7016,0,31.5711,0,30.3051,0,29.0402,0,27.7778,0,26.519,0,25.265
0,69.3769,0,66.3316,0,63.2415,0,60.1239,0,56.9971,0,53.8795,0,50.7894,0,51.3012,0,50.7607,0,50.2204,0,49.6805,0,49.1408,0,48.6017,0,48.0631,0,47.9896,0,46.1143,0,45.3881,0,44.6616,0,43.9351,0,43.2088,0,42.4828,0,41.7575,0,41.0713,0,40.3845,0,39.6973,0,38.8115,0,37.9086,0,37.0061,0,36.1046,0,33.5389,0,30.944,0,28.7051,0,27.4383,0,26.1755,0,24.9178,0,23.6664
0,69.3769,0,66.3316,0,63.2415,0,60.1239,0,56.9971,0,53.8795,0,50.7894,0,50.9111,0,50.3708,0,49.8308,0,49.2911,0,48.7519,0,48.2132,0,47.6751,0,47.2247,0,46.284,0,45.558,0,44.8317,0,44.1053,0,43.379,0,42.6531,0,41.9278,0,41.2416,0,40.4558,0,39.5529,0,38.6498,0,37.7467,0,36.8443,0,35.9429,0,33.3762,0,30.7811,0,28.1677,0,25.8295,0,24.5682,0,23.3136,0,22.0669
0,69.3769,0,66.3316,0,63.2415,0,60.1239,0,56.9971,0,53.8795,0,50.7894,0,50.5212,0,49.9811,0,49.4414,0,48.9021,0,48.3633,0,47.8251,0,47.2876,0,46.8428,0,45.9528,0,45.3099,0,44.667,0,44.0241,0,43.3816,0,42.7395,0,42.098,0,41.1967,0,40.2944,0,39.3913,0,38.488,0,37.5849,0,36.6824,0,35.7811,0,33.2136,0,30.6182,0,28.0053,0,25.3856,0,22.9585,0,21.709,0,20.4689
0,69.3769,0,66.3316,0,63.2415,0,60.1239,0,56.9971,0,53.8795,0,50.7894,0,50.1314,0,49.5917,0,49.0523,0,48.5134,0,47.9751,0,47.4375,0,46.977,0,46.5754,0,45.4364,0,44.7181,0,44.0745,0,43.4312,0,42.7884,0,42.1461,0,41.5046,0,40.8275,0,40.1329,0,39.2296,0,38.3261,0,37.423,0,36.5206,0,35.6193,0,33.051,0,30.4554,0,27.843,0,25.2245,0,22.6108,0,20.1064,0,18.8748
0,69.3769,0,66.3316,0,63.2415,0,60.1239,0,56.9971,0,53.8795,0,50.7894,0,49.742,0,49.2025,0,48.6636,0,48.1252,0,47.5874,0,47.1113,0,46.7097,0,46.308,0,45.1684,0,44.125,0,43.481,0,42.8374,0,42.1944,0,41.5521,0,40.9108,0,40.2331,0,39.555,0,38.8766,0,38.1643,0,37.2611,0,36.3587,0,35.4576,0,32.8884,0,30.2927,0,27.6808,0,25.0635,0,22.4517,0,19.8561,0,17.2871
0,69.3769,0,66.3316,0,63.2415,0,60.1239,0,56.9971,0,53.8795,0,50.7894,0,49.3528,0,48.8137,0,48.2752,0,47.7373,0,47.2455,0,46.8439,0,46.4422,0,46.0405,0,44.9003,0,43.7565,0,42.8865,0,42.2428,0,41.5998,0,40.9576,0,40.3165,0,39.6385,0,38.9602,0,38.2817,0,37.6033,0,36.9251,0,36.1968,0,35.2958,0,32.7259,0,30.1301,0,27.5507,0,25.0499,0,22.5545,0,20.0739,0,17.6171
0,69.3769,0,66.3316,0,63.2415,0,60.1239,0,56.9971,0,53.8795,0,50.7894,0,48.9639,0,48.4253,0,47.8873,0,47.3797,0,46.9782,0,46.5765,0,46.1747,0,45.773,0,44.6323,0,43.4883,0,42.3416,0,41.6475,0,41.0046,0,40.3627,0,39.722,0,39.0438,0,38.3654,0,37.6871,0,37.0089,0,36.3311,0,35.6539,0,35.386,0,32.8526,0,30.3738,0,27.8802,0,25.3814,0,22.8867,0,20.4056,0,17.9472
0,69.3769,0,66.3316,0,63.2415,0,60.1239,0,56.9971,0,53.8795,0,50.7894,0,48.5754,0,48.0372,0,47.5139,0,47.1124,0,46.7108,0,46.309,0,45.9072,0,45.5054,0,44.3643,0,43.22,0,42.0734,0,41.0517,0,40.409,0,39.7675,0,39.1274,0,38.4491,0,37.7708,0,37.0927,0,36.415,0,35.7378,0,35.5721,0,35.9173,0,33.294,0,30.6992,0,28.2091,0,25.7125,0,23.2187,0,20.7373,0,18.2773
0,69.3769,0,66.3316,0,63.2415,0,60.1239,0,56.9971,0,53.8795,0,50.7894,0,48.1872,0,47.6496,0,47.2466,0,46.845,0,46.4433,0,46.0415,0,45.6397,0,45.2378,0,44.0964,0,42.9519,0,41.8054,0,40.6576,0,39.8131,0,39.1722,0,38.5328,0,37.8546,0,37.1765,0,36.4988,0,35.8216,0,35.7581,0,36.1034,0,36.4489,0,33.827,0,31.1847,0,28.5373,0,26.043,0,23.5504,0,21.0688,0,18.6074
0,69.3769,0,66.3316,0,63.2415,0,60.1239,0,56.9971,0,53.8795,0,50.7894,0,47.7995,0,47.3809,0,46.9793,0,46.5776,0,46.1758,0,45.7739,0,45.3721,0,44.9703,0,43.8285,0,42.6839,0,41.5374,0,40.39,0,39.2424,0,38.5769,0,37.9383,0,37.2603,0,36.5826,0,35.9054,0,35.9441,0,36.2895,0,36.635,0,36.9806,0,34.3606,0,31.7179,0,29.0637,0,26.4094,0,23.8817,0,21.4001,0,18.9375
0,69.3769,0,66.3316,0,63.2415,0,60.1239,0,56.9971,0,53.8795,0,50.7894,0,47.751,0,47.1161,0,46.7118,0,46.31,0,45.9082,0,45.5063,0,45.1045,0,44.7027,0,43.5606,0,42.416,0,41.2697,0,40.1226,0,38.9756,0,37.9817,0,37.344,0,36.6664,0,35.9893,0,36.1301,0,36.4756,0,36.8211,0,37.1667,0,37.5124,0,34.8947,0,32.2521,0,29.5958,0,26.9369,0,24.287,0,21.7312,0,19.2675
0,69.3769,0,66.3316,0,63.2415,0,60.1239,0,56.9971,0,53.8795,0,50.7894,0,47.7591,0,47.1242,0,46.4889,0,46.0425,0,45.6406,0,45.2387,0,44.8369,0,44.4352,0,43.2929,0,42.1482,0,41.0021,0,39.8554,0,38.709,0,37.564,0,36.7502,0,36.0731,0,36.3162,0,36.6616,0,37.0072,0,37.3528,0,37.6984,0,38.0441,0,35.4292,0,32.7873,0,30.1291,0,27.4662,0,24.81,0,22.1718,0,19.5975
0,69.3769,0,66.3316,0,63.2415,0,60.1239,0,56.9971,0,53.8795,0,50.7894,0,47.7671,0,47.1322,0,46.4969,0,45.8614,0,45.373,0,44.9711,0,44.5693,0,44.1677,0,43.0252,0,41.8806,0,40.7347,0,39.5884,0,38.4428,0,37.2986,0,36.1568,0,36.5022,0,36.8477,0,37.1932,0,37.5388,0,37.8845,0,38.2301,0,38.5758,0,35.9641,0,33.3232,0,30.6638,0,27.9973,0,25.2936,0,22.3511,0,19.4446
0,69.3769,0,66.3316,0,63.2415,0,60.1239,0,56.9971,0,53.8795,0,50.7894,0,47.7752,0,47.1403,0,46.505,0,45.8695,0,45.2339,0,44.7035,0,44.3018,0,43.9002,0,42.7576,0,41.613,0,40.4674,0,39.3217,0,38.1857,0,37.0743,0,35.9647,0,36.498,0,37.0315,0,37.5651,0,38.0705,0,38.4161,0,38.7617,0,39.1072,0,36.4993,0,33.8598,0,30.9542,0,27.9829,0,25.0182,0,22.0759,0,19.171
0,69.3769,0,66.3316,0,63.2415,0,60.1239,0,56.9971,0,53.8795,0,50.7894,0,47.7832,0,47.1483,0,46.513,0,45.8775,0,45.2419,0,44.6064,0,44.0343,0,43.6328,0,42.4901,0,41.3457,0,40.2186,0,39.1059,0,37.9934,0,36.882,0,35.7724,0,36.3057,0,36.8393,0,37.3729,0,37.9066,0,38.4402,0,38.9737,0,39.2245,0,36.5912,0,33.6486,0,30.6825,0,27.7085,0,24.7426,0,21.8006,0,18.8974
0,69.3769,0,66.3316,0,63.2415,0,60.1239,0,56.9971,0,53.8795,0,50.7894,0,47.7913,0,47.1564,0,46.5211,0,45.8856,0,45.25,0,44.6145,0,43.9792,0,43.3655,0,42.2505,0,41.1392,0,40.0267,0,38.9137,0,37.801,0,36.6896,0,35.5802,0,36.1135,0,36.647,0,37.1807,0,37.7145,0,38.2482,0,38.7616,0,37.4722,0,35.5333,0,33.3804,0,30.4102,0,27.4337,0,24.4667,0,21.5251,0,18.6237
0,69.3769,0,66.3316,0,63.2415,0,60.1239,0,56.9971,0,53.8795,0,50.7894,0,47.7993,0,47.1644,0,46.5291,0,45.8936,0,45.258,0,44.6225,0,43.9872,0,43.8001,0,42.0594,0,40.9476,0,39.8347,0,38.7214,0,37.6086,0,36.4972,0,35.388,0,35.9212,0,36.4547,0,36.9884,0,37.5223,0,38.0561,0,37.0083,0,35.7102,0,33.7582,0,31.7889,0,29.8069,0,27.1584,0,24.1905,0,21.2495,0,18.3501
0,69.3769,0,66.3316,0,63.2415,0,60.1239,0,56.9971,0,53.8795,0,50.7894,0,47.8074,0,47.1725,0,46.5372,0,45.9017,0,45.2661,0,44.6305,0,43.9952,0,44.2937,0,42.5075,0,40.7559,0,39.6426,0,38.529,0,37.4162,0,36.3048,0,35.1958,0,35.7289,0,36.2624,0,36.7962,0,37.33,0,36.5448,0,35.2462,0,33.9418,0,31.9803,0,30.0057,0,28.0225,0,26.0355,0,23.9141,0,20.9737,0,18.0764
0,69.3769,0,66.3316,0,63.2415,0,60.1239,0,56.9971,0,53.8795,0,50.7894,0,47.8154,0,47.1805,0,46.5453,0,45.9097,0,45.2741,0,44.6386,0,44.0505,0,44.7877,0,43.0014,0,41.2111,0,39.4503,0,38.3366,0,37.2237,0,36.1124,0,35.0035,0,35.5366,0,36.0701,0,36.6038,0,36.0817,0,34.7827,0,33.4785,0,32.1703,0,30.2031,0,28.2269,0,26.2464,0,24.2664,0,22.2916,0,20.3265,0,17.8028
0,69.3769,0,66.3316,0,63.2415,0,60.1239,0,56.9971,0,53.8795,0,50.7894,0,47.8235,0,47.1886,0,46.5533,0,45.9178,0,45.2822,0,44.6466,0,44.5442,0,45.2819,0,43.4957,0,41.7046,0,39.9121,0,38.1441,0,37.0311,0,35.9199,0,34.8113,0,35.3443,0,35.8778,0,35.619,0,34.3199,0,33.016,0,31.7087,0,30.3992,0,28.43,0,26.456,0,24.482,0,22.5127,0,20.5525,0,18.7293,0,17.53
0,69.3769,0,66.3316,0,63.2415,0,60.1239,0,56.9971,0,53.8795,0,50.7894,0,47.8315,0,47.1966,0,46.5614,0,45.9258,0,45.2902,0,44.6547,0,45.0382,0,45.7764,0,43.9906,0,42.199,0,40.4049,0,38.6119,0,36.8385,0,35.7274,0,34.6191,0,35.152,0,35.157,0,33.8579,0,32.5544,0,31.248,0,29.94,0,28.6317,0,26.6643,0,24.6963,0,22.7325,0,20.8604,0,19.6581,0,18.4569,0,17.2578
0,69.3769,0,66.3316,0,63.2415,0,60.1239,0,56.9971,0,53.8795,0,50.7894,0,47.8396,0,47.2047,0,46.5694,0,45.9339,0,45.2983,0,44.7946,0,45.5325,0,46.271,0,44.4859,0,42.694,0,40.8987,0,39.1035,0,37.3119,0,35.5349,0,34.4269,0,34.6955,0,33.3966,0,32.0938,0,30.7885,0,29.4821,0,28.1759,0,26.8712,0,24.9093,0,22.9929,0,21.7909,0,20.5882,0,19.3856,0,18.1844,0,16.9855
0,69.3769,0,66.3316,0,63.2415,0,60.1239,0,56.9971,0,53.8795,0,50.7894,0,47.8476,0,47.2127,0,46.5775,0,45.9419,0,45.3063,0,45.2887,0,46.0269,0,46.7657,0,44.9816,0,43.1896,0,41.3933,0,39.5961,0,37.8017,0,36.0134,0,34.2347,0,32.9361,0,31.6342,0,30.3302,0,29.0255,0,27.7216,0,26.4196,0,25.121,0,23.9227,0,22.7217,0,21.519,0,20.3158,0,19.113,0,17.9118,0,16.7132
0,69.3769,0,66.3316,0,63.2415,0,60.1239,0,56.9971,0,53.8795,0,50.7894,0,47.8557,0,47.2208,0,46.5855,0,45.95,0,45.3144,0,45.7829,0,46.5214,0,47.2604,0,45.4775,0,43.6858,0,41.8887,0,40.0899,0,38.2927,0,36.4974,0,34.4126,0,32.3853,0,31.0809,0,29.7749,0,28.4689,0,27.1641,0,25.8619,0,24.5636,0,23.5123,0,22.4501,0,21.2469,0,20.0432,0,18.8403,0,17.6392,0,16.4408
0,69.3769,0,66.3316,0,63.2415,0,60.1239,0,56.9971,0,53.8795,0,50.7907,0,47.8637,0,47.2288,0,46.5936,0,45.958,0,45.5391,0,46.2773,0,47.016,0,47.755,0,45.9736,0,44.1824,0,42.3849,0,40.5846,0,38.7782,0,36.6761,0,34.5905,0,32.4404,0,30.526,0,29.2183,0,27.9111,0,26.6058,0,25.3036,0,24.0059,0,22.9537,0,21.8993,0,20.8434,0,19.7705,0,18.5675,0,17.3665,0,16.1685
0,69.3769,0,66.3316,0,63.2415,0,60.1239,0,56.9971,0,53.8795,0,50.7989,0,47.8718,0,47.2369,0,46.6016,0,45.9661,0,46.0333,0,46.7718,0,47.5106,0,48.2495,0,46.4698,0,44.6794,0,42.8817,0,41.0698,0,38.9571,0,36.8548,0,34.7684,0,32.6188,0,30.4565,0,28.6605,0,27.3524,0,26.0467,0,24.7448,0,23.448,0,22.3951,0,21.3404,0,20.2846,0,19.2285,0,18.1727,0,17.0938,0,15.8963
0,69.3769,0,66.3316,0,63.2415,0,60.1239,0,56.9971,0,53.8795,0,50.807,0,47.8798,0,47.2449,0,46.6097,0,45.9741,0,46.5277,0,47.2663,0,48.005,0,48.7437,0,46.9661,0,45.1767,0,43.3651,0,41.2484,0,39.1359,0,37.0334,0,34.9464,0,32.7972,0,30.6349,0,28.4654,0,26.7929,0,25.4871,0,24.1857,0,22.8899,0,21.8365,0,20.7817,0,19.7262,0,18.6708,0,17.6161,0,16.5628,0,15.0449
0,69.3769,0,66.3316,0,63.2415,0,60.1239,0,56.9971,0,53.8795,0,50.8151,0,47.8879,0,47.253,0,46.6177,0,46.2836,0,47.022,0,47.7606,0,48.4993,0,49.2377,0,47.4623,0,45.6566,0,43.5428,0,41.4269,0,39.3147,0,37.212,0,35.1243,0,32.9757,0,30.8134,0,28.6434,0,26.472,0,24.927,0,23.6263,0,22.3319,0,21.2782,0,20.2235,0,19.1685,0,18.1139,0,16.955,0,15.1389,0,13.3181
0,69.3769,0,66.3316,0,63.2415,0,60.1239,0,56.9971,0,53.8795,0,50.8232,0,47.8959,0,47.261,0,46.6258,0,46.7779,0,47.5163,0,48.2549,0,48.9933,0,49.7313,0,47.9372,0,45.8328,0,43.7203,0,41.6052,0,39.4934,0,37.3906,0,35.3022,0,33.1542,0,30.992,0,28.8216,0,26.6493,0,24.4812,0,23.0668,0,21.7739,0,20.7202,0,19.6658,0,18.6114,0,17.0521,0,15.2333,0,13.4094,0,11.5843
0,69.3769,0,66.3316,0,63.2415,0,60.1239,0,56.9971,0,53.8795,0,50.8313,0,47.9039,0,47.2691,0,46.6338,0,47.2721,0,48.0106,0,48.7489,0,49.4869,0,50.2047,0,48.1114,0,46.0088,0,43.8976,0,41.7834,0,39.672,0,37.5691,0,35.4802,0,33.3328,0,31.1707,0,28.9999,0,26.8267,0,24.6572,0,22.5072,0,21.2162,0,20.1625,0,18.9624,0,17.1496,0,15.3279,0,13.5011,0,11.6728,0,9.8467
0,69.3769,0,66.3316,0,63.2415,0,60.1239,0,56.9971,0,53.8795,0,50.8394,0,47.912,0,47.2771,0,47.028,0,47.7663,0,48.5046,0,49.2426,0,49.9214,0,50.4413,0,48.3256,0,46.1967,0,44.0748,0,41.9615,0,39.8505,0,37.7475,0,35.6581,0,33.5114,0,31.3495,0,29.1783,0,27.0042,0,24.8334,0,22.672,0,20.6587,0,19.0627,0,17.2473,0,15.4229,0,13.5931,0,11.7616,0,9.9322,0,8.1085
0,69.3769,0,66.3316,0,63.2415,0,60.1239,0,56.9971,0,53.8795,0,50.8475,0,47.92,0,47.2852,0,47.5221,0,48.2603,0,48.9984,0,49.6381,0,50.158,0,50.6779,0,48.5628,0,46.4339,0,44.2968,0,42.1577,0,40.029,0,37.9259,0,35.836,0,33.69,0,31.5283,0,29.3569,0,27.2077,0,25.2075,0,23.216,0,21.2378,0,18.4802,0,15.6982,0,13.6854,0,11.8507,0,10.0179,0,8.1908,0,6.3729
0,69.3769,0,66.3316,0,63.2415,0,60.1239,0,56.9971,0,53.8795,0,50.8556,0,47.9281,0,47.2932,0,48.0161,0,48.7541,0,49.3547,0,49.8746,0,50.3946,0,50.9146,0,48.8001,0,46.6711,0,44.5335,0,42.393,0,40.2556,0,38.1273,0,36.0139,0,34.0361,0,32.0456,0,30.0472,0,28.0456,0,26.0457,0,24.0524,0,22.0704,0,19.3152,0,16.5316,0,13.7324,0,10.931,0,8.2733,0,6.4517,0,4.6429
0,69.3769,0,66.3316,0,63.2415,0,60.1239,0,56.9971,0,53.8795,0,50.8637,0,47.9361,0,47.7719,0,48.5099,0,49.0713,0,49.5912,0,50.1113,0,50.6313,0,51.1513,0,49.0375,0,46.9086,0,44.7703,0,42.6285,0,40.4893,0,38.3585,0,36.9132,0,34.864,0,32.8734,0,30.8801,0,28.8817,0,26.8829,0,24.8887,0,22.9039,0,20.1522,0,17.3682,0,14.5646,0,11.7548,0,8.9522,0,6.1701,0,3.7403
0,69.3769,0,66.3316,0,63.2415,0,60.1239,0,56.9971,0,53.8795,0,50.8718,0,47.9442,0,48.2657,0,48.7879,0,49.3078,0,49.8279,0,50.348,0,50.8681,0,51.388,0,49.275,0,47.1463,0,45.0074,0,42.8645,0,40.7233,0,38.9011,0,37.8142,0,35.7633,0,33.711,0,31.7102,0,29.7157,0,27.7189,0,25.7247,0,23.7377,0,20.9908,0,18.2076,0,15.4008,0,12.5837,0,9.7699,0,7.6271,0,6.132
0,69.3769,0,66.3316,0,63.2415,0,60.1239,0,56.9971,0,53.8795,0,50.8799,0,47.9817,0,48.5044,0,49.0243,0,49.5444,0,50.0645,0,50.5847,0,51.1048,0,51.6248,0,49.5126,0,47.3841,0,45.2448,0,43.1007,0,40.9578,0,39.8074,0,38.7166,0,36.665,0,34.6096,0,32.5558,0,30.5473,0,28.5533,0,26.5599,0,24.5717,0,21.8306,0,19.0495,0,16.2407,0,13.4175,0,11.5822,0,10.0564,0,8.5441
0,69.3769,0,66.3316,0,63.2415,0,60.1239,0,56.9971,0,53.8795,0,50.888,0,48.1959,0,48.7406,0,49.2609,0,49.7811,0,50.3013,0,50.8215,0,51.3416,0,51.8615,0,49.7503,0,47.622,0,45.4823,0,43.3372,0,41.8152,0,40.7141,0,39.6199,0,37.5686,0,35.5112,0,33.4531,0,31.3995,0,29.3858,0,27.394,0,25.4054,0,22.6714,0,19.8935,0,17.1171,0,15.569,0,14.0268,0,12.4925,0,10.9684
0,69.3769,0,66.3316,0,63.2415,0,60.1239,0,56.9971,0,53.8795,0,50.8961,0,48.4103,0,48.955,0,49.4975,0,50.0178,0,50.5381,0,51.0583,0,51.5784,0,52.0983,0,49.9881,0,47.8601,0,45.7201,0,43.8328,0,42.724,0,41.6207,0,40.5236,0,38.4736,0,36.4153,0,34.3538,0,32.2946,0,30.2428,0,28.2266,0,26.2385,0,23.5128,0,21.0933,0,19.5494,0,18.0055,0,16.4638,0,14.9266,0,13.3961
0,69.3769,0,66.3316,0,63.2415,0,60.1239,0,56.9971,0,53.8795,0,50.9042,0,48.6246,0,49.1695,0,49.7147,0,50.2546,0,50.7749,0,51.2952,0,51.8152,0,52.335,0,50.2259,0,48.0983,0,45.9581,0,44.7414,0,43.6317,0,42.5267,0,41.4273,0,39.3797,0,37.3214,0,35.2576,0,33.1937,0,31.135,0,29.0869,0,27.0707,0,25.0106,0,23.4853,0,21.9544,0,20.4201,0,18.8845,0,17.35,0,15.8186
0,69.3769,0,66.3316,0,63.2415,0,60.1239,0,56.9971,0,53.8833,0,50.9123,0,48.8391,0,49.3841,0,49.9294,0,50.4748,0,51.0118,0,51.532,0,52.052,0,52.5717,0,50.4637,0,48.3367,0,46.7613,0,45.6479,0,44.5378,0,43.4317,0,42.3306,0,40.2864,0,38.2291,0,36.164,0,34.0965,0,32.0319,0,30.0344,0,28.2538,0,26.9653,0,25.676,0,24.3243,0,22.8047,0,21.2806,0,19.7541,0,18.2273
0,69.3769,0,66.3316,0,63.2415,0,60.1239,0,56.9971,0,53.8914,0,50.9205,0,49.0536,0,49.5987,0,50.144,0,50.6895,0,51.2349,0,51.7689,0,52.2889,0,52.8084,0,50.7016,0,48.7788,0,47.6644,0,46.5518,0,45.4418,0,44.3353,0,43.233,0,41.1932,0,39.138,0,37.0727,0,35.0412,0,33.232,0,31.4312,0,29.6423,0,28.3523,0,27.0602,0,25.7673,0,24.4749,0,23.1844,0,21.8969,0,20.6139
0,69.3769,0,66.3316,0,63.2415,0,60.1239,0,56.9971,0,53.8995,0,50.9286,0,49.2681,0,49.8134,0,50.3587,0,50.9042,0,51.4496,0,51.9949,0,52.5256,0,53.0451,0,50.9396,0,49.6762,0,48.5639,0,47.4527,0,46.3435,0,45.237,0,44.1341,0,42.0996,0,40.0664,0,38.256,0,36.4441,0,34.6343,0,32.83,0,31.035,0,29.745,0,28.4515,0,27.1558,0,25.8591,0,24.5629,0,23.2792,0,22.1451
0,69.3769,0,66.3316,0,63.2415,0,60.1239,0,56.9971,0,53.9077,0,50.9367,0,49.4827,0,50.028,0,50.5734,0,51.1189,0,51.6642,0,52.2094,0,52.7544,0,53.2817,0,51.6784,0,50.5691,0,49.4595,0,48.3502,0,47.2422,0,46.1363,0,45.0333,0,43.2492,0,41.4538,0,39.6506,0,37.843,0,36.0346,0,34.2291,0,32.43,0,31.1416,0,29.8482,0,28.5512,0,27.2518,0,25.972,0,24.8233,0,23.682
0,69.3769,0,66.3316,0,63.2415,0,60.1239,0,56.9971,0,53.9158,0,50.9448,0,49.6973,0,50.2427,0,50.7881,0,51.3336,0,51.8789,0,52.424,0,52.9687,0,53.5394,0,52.4234,0,51.2716,0,50.1183,0,48.9644,0,47.8107,0,46.6583,0,45.508,0,44.3041,0,42.8315,0,41.0373,0,39.2361,0,37.4314,0,35.6267,0,33.8257,0,32.5404,0,31.2488,0,29.952,0,28.6807,0,27.5223,0,26.3693,0,25.2225
0,69.3769,0,66.3316,0,63.2415,0,60.1239,0,56.9971,0,53.9239,0,50.9529,0,49.912,0,50.4574,0,51.0028,0,51.5482,0,52.0935,0,52.6384,0,53.1831,0,53.8676,0,52.8967,0,51.7462,0,50.5937,0,49.4402,0,48.2866,0,47.1339,0,45.9829,0,44.7789,0,43.5736,0,42.368,0,40.622,0,38.823,0,37.0214,0,35.2206,0,33.9399,0,32.6515,0,31.3933,0,30.2304,0,29.0706,0,27.915,0,26.7644
0,69.3769,0,66.3316,0,63.2415,0,60.1239,0,56.9971,0,53.932,0,50.961,0,50.1266,0,50.6721,0,51.2175,0,51.7629,0,52.308,0,52.8529,0,53.3973,0,54.1959,0,53.2375,0,52.2201,0,51.0686,0,49.9158,0,48.7624,0,47.6096,0,46.4581,0,45.2541,0,44.0485,0,42.8422,0,41.6363,0,40.2078,0,38.4113,0,36.6129,0,35.3384,0,34.0978,0,32.9355,0,31.7741,0,30.6147,0,29.4581,0,28.3053
0,69.3769,0,66.3316,0,63.2415,0,60.1239,0,56.9971,0,53.9401,0,50.9946,0,50.3413,0,50.8868,0,51.4322,0,51.9775,0,52.5225,0,53.0672,0,53.6899,0,54.5243,0,53.5658,0,52.6072,0,51.543,0,50.391,0,49.238,0,48.0852,0,46.9333,0,45.7297,0,44.5239,0,43.317,0,42.1101,0,40.9042,0,39.7005,0,38.0011,0,36.7821,0,35.6255,0,34.4678,0,33.3097,0,32.1523,0,30.9964,0,29.8431
0,69.3769,0,66.3316,0,63.2415,0,60.1239,0,56.9971,0,53.9483,0,51.2109,0,50.556,0,51.1015,0,51.6468,0,52.192,0,52.737,0,53.2815,0,54.0181,0,54.8528,0,53.8942,0,52.9354,0,51.9768,0,50.8658,0,49.7134,0,48.5607,0,47.4087,0,46.2054,0,44.9996,0,43.7923,0,42.5846,0,41.3774,0,40.1721,0,39.6723,0,38.4732,0,37.2729,0,36.0725,0,34.8729,0,33.6813,0,32.5278,0,31.3756
0,69.3769,0,66.3316,0,63.2415,0,60.1239,0,56.9971,0,53.9564,0,51.4271,0,50.7707,0,51.3162,0,51.8615,0,52.4066,0,52.9514,0,53.5122,0,54.3465,0,55.1813,0,54.2227,0,53.2637,0,52.3048,0,51.3401,0,50.1884,0,49.0361,0,47.884,0,46.6813,0,45.4757,0,44.2681,0,43.0597,0,41.8515,0,41.6955,0,41.7012,0,40.4991,0,39.294,0,38.087,0,36.8791,0,35.6713,0,34.4649,0,34.0555
0,69.3769,0,66.3316,0,63.2415,0,60.1239,0,56.9971,0,53.9645,0,51.6434,0,50.9854,0,51.5308,0,52.0761,0,52.6211,0,53.1657,0,53.8404,0,54.6749,0,55.5099,0,54.5514,0,53.5922,0,52.633,0,51.6742,0,50.6631,0,49.5113,0,48.3593,0,47.1574,0,45.9521,0,44.7444,0,43.7181,0,43.7267,0,43.7352,0,43.7438,0,42.5418,0,41.3349,0,40.1243,0,38.9109,0,37.6959,0,37.2046,0,37.0642
0,69.3769,0,66.3316,0,63.2415,0,60.1239,0,56.9971,0,53.9726,0,51.8596,0,51.2001,0,51.7455,0,52.2906,0,52.8355,0,53.38,0,54.1687,0,55.0034,0,55.8385,0,54.8801,0,53.9208,0,52.9613,0,52.0022,0,51.0438,0,49.9861,0,48.8344,0,47.6334,0,46.4286,0,45.7495,0,45.7608,0,45.7722,0,45.7836,0,45.795,0,44.5961,0,43.3906,0,42.1794,0,40.9636,0,40.3932,0,40.2482,0,40.1034
0,69.3769,0,66.3316,0,63.2415,0,60.1239,0,56.9971,0,53.9807,0,52.0758,0,51.4148,0,51.9601,0,52.5051,0,53.0499,0,53.6627,0,54.4971,0,55.332,0,56.1671,0,55.2088,0,54.2496,0,53.2899,0,52.3303,0,51.3714,0,50.4137,0,49.3093,0,48.1094,0,47.7787,0,47.7928,0,47.807,0,47.8211,0,47.8353,0,47.8496,0,46.6569,0,45.4558,0,44.2473,0,43.6021,0,43.4532,0,43.3047,0,43.1565
0,69.3769,0,66.3316,0,63.2415,0,60.1239,0,56.9971,0,53.9889,0,52.2919,0,51.6295,0,52.1747,0,52.7196,0,53.2642,0,53.9909,0,54.8256,0,55.6606,0,56.4957,0,55.5376,0,54.5784,0,53.6186,0,52.6588,0,51.6993,0,50.7409,0,49.784,0,49.8008,0,49.8176,0,49.8344,0,49.8513,0,49.8682,0,49.8852,0,49.9022,0,48.7189,0,47.5254,0,46.8111,0,46.6595,0,46.5081,0,46.3569,0,46.2061
0,69.3769,0,66.3316,0,63.2415,0,60.1239,0,56.9971,0,53.997,0,52.508,0,51.8441,0,52.3892,0,52.934,0,53.485,0,54.3193,0,55.1541,0,55.9892,0,56.8242,0,55.8664,0,54.9074,0,53.9475,0,52.9874,0,52.0275,0,51.2696,0,50.7004,0,51.1525,0,51.6045,0,51.8691,0,51.8886,0,51.9083,0,51.9279,0,51.9477,0,50.7766,0,50.0004,0,49.8469,0,49.6936,0,49.5405,0,49.3877,0,49.2351
0,69.3769,0,66.3316,0,63.2415,0,60.1239,0,57.0033,0,54.0051,0,52.7241,0,52.0587,0,52.6037,0,53.1484,0,53.8132,0,54.6477,0,55.4827,0,56.3178,0,57.1526,0,56.1953,0,55.2364,0,54.2765,0,53.3292,0,52.7589,0,52.1887,0,51.6188,0,52.0711,0,52.5234,0,52.9755,0,53.4274,0,53.879,0,53.9585,0,53.9808,0,53.1506,0,52.9962,0,52.842,0,52.688,0,52.5341,0,52.3805,0,52.227
0,69.3769,0,66.3316,0,63.2415,0,60.1239,0,57.0114,0,54.0132,0,52.9401,0,52.2732,0,52.8181,0,53.3626,0,54.1415,0,54.9762,0,55.8113,0,56.6463,0,57.481,0,56.524,0,55.5654,0,54.8201,0,54.2498,0,53.6794,0,53.1089,0,52.5385,0,52.991,0,53.4433,0,53.8953,0,54.3469,0,54.7982,0,55.249,0,55.5132,0,55.4187,0,55.1656,0,54.9125,0,54.6593,0,54.4062,0,54.153,0,53.8998
0,69.3769,0,66.3316,0,63.2415,0,60.1239,0,57.0195,0,54.0213,0,53.156,0,52.4878,0,53.0325,0,53.6355,0,54.4699,0,55.3048,0,56.1399,0,56.9748,0,57.8092,0,56.8787,0,56.3098,0,55.7404,0,55.1705,0,54.6003,0,54.0298,0,53.4592,0,53.9116,0,54.3636,0,54.8153,0,55.2665,0,55.7172,0,56.0078,0,55.7489,0,56.0668,0,55.983,0,55.7299,0,55.4767,0,55.2235,0,54.9702,0,54.7169
0,69.3769,0,66.3316,0,63.2415,0,60.1239,0,57.0276,0,54.0508,0,53.3719,0,52.7022,0,53.2468,0,53.9637,0,54.7983,0,55.6334,0,56.4684,0,57.3032,0,58.4846,0,57.7965,0,57.2287,0,56.6601,0,56.0908,0,55.5211,0,54.9509,0,54.3804,0,54.8324,0,55.284,0,55.7351,0,56.1856,0,56.5026,0,56.2435,0,55.9845,0,56.3025,0,56.6207,0,56.5475,0,56.2944,0,56.0413,0,55.788,0,55.5347
0,69.3769,0,66.3316,0,63.2415,0,60.1239,0,57.0357,0,54.2679,0,53.5877,0,52.9166,0,53.4611,0,54.2921,0,55.1269,0,55.962,0,57.0254,0,58.3714,0,59.7207,0,58.9074,0,58.146,0,57.5786,0,57.0103,0,56.4413,0,55.8716,0,55.3015,0,55.753,0,56.2039,0,56.6542,0,56.9975,0,56.7384,0,56.4792,0,56.2202,0,56.5383,0,56.8564,0,57.1747,0,57.1122,0,56.8592,0,56.6061,0,56.3529
0,69.3769,0,66.3316,0,63.2415,0,60.1239,0,57.0438,0,54.4849,0,53.8034,0,53.131,0,53.786,0,54.6205,0,55.5662,0,56.9095,0,58.2577,0,59.6095,0,60.9633,0,60.1454,0,59.3308,0,58.5197,0,57.9283,0,57.3604,0,56.7916,0,56.2222,0,56.6729,0,57.1229,0,57.4924,0,57.2333,0,56.9741,0,56.715,0,56.4559,0,56.774,0,57.0922,0,57.4104,0,57.7287,0,57.6769,0,57.424,0,57.171
0,69.3769,0,66.3316,0,63.2415,0,60.1239,0,57.0519,0,54.7018,0,54.019,0,53.3453,0,54.1143,0,55.4476,0,56.7931,0,58.1437,0,59.4979,0,60.8543,0,62.2113,0,61.3896,0,60.5706,0,59.7547,0,58.9421,0,58.278,0,57.7104,0,57.142,0,57.5916,0,57.9873,0,57.7281,0,57.469,0,57.2098,0,56.9507,0,56.6916,0,57.0097,0,57.3279,0,57.6461,0,57.9644,0,58.2826,0,58.2415,0,57.9888
0,69.3769,0,66.3316,0,63.2415,0,60.1239,0,57.0599,0,54.9186,0,54.2345,0,53.7296,0,55.3286,0,56.6763,0,58.0292,0,59.3859,0,60.7449,0,62.1046,0,63.4636,0,62.6388,0,61.8162,0,60.9962,0,60.179,0,59.3651,0,58.6274,0,58.0603,0,58.4821,0,58.223,0,57.9638,0,57.7046,0,57.4455,0,57.1863,0,56.9272,0,57.2454,0,57.5636,0,57.8818,0,58.2,0,58.5182,0,58.8364,0,58.806
0,69.3769,0,66.3316,0,63.2415,0,60.1239,0,57.068,0,55.1353,0,54.4499,0,54.342,0,56.5494,0,57.9143,0,59.2734,0,60.635,0,61.9975,0,63.3593,0,64.7189,0,63.8918,0,63.0664,0,62.243,0,61.4221,0,60.6038,0,59.7886,0,58.9767,0,58.7176,0,58.4585,0,58.1994,0,57.9403,0,57.6811,0,57.422,0,57.1629,0,57.481,0,57.7992,0,58.1174,0,58.4356,0,58.8107,0,59.54,0,60.2709
0,69.3769,0,66.3316,0,63.2415,0,60.1239,0,57.0761,0,55.3518,0,54.6652,0,54.956,0,57.1699,0,59.1605,0,60.5247,0,61.8899,0,63.2546,0,64.6171,0,65.9761,0,65.1474,0,64.32,0,63.4941,0,62.67,0,61.8482,0,61.029,0,60.3642,0,59.9547,0,59.5453,0,59.1362,0,58.7273,0,58.3186,0,57.9104,0,57.5824,0,58.3252,0,59.0553,0,59.7872,0,60.5206,0,61.2554,0,61.9912,0,62.7279
0,69.3769,0,66.3316,0,63.2415,0,60.1239,0,57.0842,0,55.5682,0,54.8805,0,55.5716,0,57.7914,0,60.0348,0,61.7819,0,63.1494,0,64.5149,0,65.8769,0,67.2339,0,66.4045,0,65.5758,0,64.7481,0,63.9218,0,63.0972,0,62.395,0,61.7584,0,61.3478,0,60.9373,0,60.5268,0,60.1165,0,59.7063,0,59.2962,0,59.8554,0,60.7303,0,61.5091,0,62.2473,0,62.9862,0,63.7257,0,64.4654,0,65.2052
0,69.3769,0,66.3316,0,63.2415,0,60.1239,0,57.0923,0,55.7845,0,55.0955,0,56.1884,0,58.4137,0,60.6608,0,62.923,0,64.4123,0,65.7773,0,67.1375,0,68.4912,0,67.6619,0,66.8327,0,66.004,0,65.1762,0,64.4383,0,63.7971,0,63.1576,0,62.7464,0,62.3352,0,61.9239,0,61.5126,0,61.1013,0,61.3981,0,62.1505,0,63.0329,0,63.9177,0,64.7296,0,65.4713,0,66.2128,0,66.9536,0,67.6937
0,69.3769,0,66.3316,0,63.2415,0,60.1239,0,57.1003,0,56.0006,0,55.3105,0,56.8065,0,59.0368,0,61.287,0,63.5504,0,65.6773,0,67.0406,0,68.3976,0,69.7467,0,68.9182,0,68.0894,0,67.2606,0,66.4888,0,65.8447,0,65.2018,0,64.5601,0,64.1489,0,63.7375,0,63.3259,0,62.914,0,62.9453,0,63.7016,0,64.4606,0,65.3476,0,66.236,0,67.1254,0,67.9667,0,68.7073,0,69.4465,0,70.1841
0,69.3769,0,66.3316,0,63.2415,0,60.1239,0,57.1084,0,56.2166,0,55.5253,0,57.4257,0,59.6604,0,61.9132,0,64.1772,0,66.4455,0,68.3035,0,69.656,0,70.9992,0,70.1724,0,69.3447,0,68.5414,0,67.8961,0,67.2513,0,66.6073,0,65.9643,0,65.5536,0,65.1424,0,64.731,0,64.4946,0,65.2537,0,66.015,0,66.7782,0,67.6671,0,68.5562,0,69.4451,0,70.3335,0,71.1999,0,71.9346,0,72.6669
0,69.3769,0,66.3316,0,63.2415,0,60.1246,0,57.1335,0,56.4324,0,55.7729,0,58.0458,0,60.2845,0,62.5393,0,64.8034,0,67.0699,0,69.3315,0,70.9115,0,72.2476,0,71.4232,0,70.5975,0,69.9459,0,69.301,0,68.6564,0,68.0121,0,67.3685,0,66.9587,0,66.5484,0,66.1375,0,66.8046,0,67.5671,0,68.3309,0,69.0959,0,69.9836,0,70.8705,0,71.7561,0,72.64,0,73.5219,0,74.4012,0,75.1331
0,69.3769,0,66.3316,0,63.2415,0,60.1326,0,57.3503,0,56.6481,0,56.3901,0,58.6667,0,60.9088,0,63.1651,0,65.4288,0,67.6929,0,69.9502,0,72.1629,0,73.4907,0,72.6695,0,71.989,0,71.3457,0,70.702,0,70.0582,0,69.4145,0,68.771,0,68.3626,0,67.9536,0,68.3521,0,69.1146,0,69.8779,0,70.6418,0,71.4059,0,72.2897,0,73.1715,0,74.051,0,74.9277,0,75.8013,0,76.6714,0,77.1964
0,69.3769,0,66.3316,0,63.2415,0,60.1406,0,57.5668,0,56.8636,0,57.0086,0,59.2883,0,61.5332,0,63.7905,0,66.0533,0,68.3144,0,70.5669,0,72.8039,0,74.7273,0,74.0203,0,73.38,0,72.739,0,72.0973,0,71.4552,0,70.8127,0,70.1701,0,69.7637,0,69.8939,0,70.6553,0,71.4169,0,72.1786,0,72.9401,0,73.701,0,74.578,0,75.452,0,76.3227,0,76.8168,0,77.124,0,77.4313,0,77.7386
0,69.3769,0,66.3316,0,63.2415,0,60.1486,0,57.7831,0,57.0789,0,57.6281,0,59.9104,0,62.1576,0,64.4154,0,66.6766,0,68.9343,0,71.1815,0,73.4114,0,75.6243,0,75.3919,0,74.7597,0,74.1243,0,73.4853,0,72.8456,0,72.2052,0,71.5643,0,71.4279,0,72.187,0,72.946,0,73.7044,0,74.4621,0,75.2187,0,75.9741,0,76.4372,0,76.7444,0,77.0516,0,77.3589,0,77.6662,0,77.9736,0,78.281
0,69.3769,0,66.3316,0,63.2415,0,60.1566,0,57.9992,0,57.294,0,58.2485,0,60.5328,0,62.7819,0,65.0395,0,67.2987,0,69.5524,0,71.7938,0,74.0161,0,76.2354,0,76.7477,0,76.1142,0,75.4807,0,74.8477,0,74.215,0,73.583,0,72.9518,0,73.7136,0,74.4774,0,75.2428,0,76.0096,0,76.7775,0,77.5462,0,78.3155,0,77.3537,0,77.2865,0,77.5939,0,77.9013,0,78.2087,0,78.5161,0,78.8235
0,69.3769,0,66.3316,0,63.2415,0,60.1646,0,58.2151,0,57.509,0,58.8696,0,61.1554,0,63.4058,0,65.6628,0,67.9194,0,70.1686,0,72.4037,0,74.6205,0,76.8473,0,77.4425,0,77.4727,0,76.8384,0,76.204,0,75.5698,0,74.9359,0,74.3024,0,76.0524,0,76.8242,0,77.5968,0,78.3699,0,79.1433,0,79.9167,0,80.6899,0,79.7147,0,78.7461,0,78.1364,0,78.4439,0,78.7513,0,79.0587,0,79.366
0,69.3769,0,66.3316,0,63.2415,0,60.1726,0,58.4308,0,57.7237,0,59.4914,0,61.7781,0,64.0293,0,66.2851,0,68.5386,0,70.7828,0,73.0111,0,75.2312,0,77.4597,0,78.0559,0,78.6531,0,78.1993,0,77.5644,0,76.9292,0,76.2941,0,75.6591,0,77.4596,0,79.2022,0,79.9794,0,80.7563,0,81.5327,0,82.3081,0,83.0824,0,82.097,0,81.117,0,80.1428,0,79.1749,0,79.294,0,79.6013,0,79.9085
0,69.3769,0,66.3316,0,63.2415,0,60.1806,0,58.6463,0,57.9383,0,60.1136,0,62.4007,0,64.6521,0,66.9062,0,69.1561,0,71.3949,0,73.616,0,75.8429,0,78.0727,0,78.6696,0,79.2674,0,79.5619,0,78.9272,0,78.2919,0,77.6562,0,77.0203,0,78.8308,0,80.6597,0,82.3829,0,83.1609,0,83.9374,0,84.7121,0,85.4848,0,84.4927,0,83.5044,0,82.5207,0,81.542,0,80.5689,0,80.1438,0,80.4509
0,69.3769,0,66.3316,0,63.2415,0,60.1886,0,58.8615,0,58.4513,0,60.7361,0,63.0231,0,65.2742,0,67.526,0,69.7718,0,72.0046,0,74.2259,0,76.4554,0,78.686,0,79.2834,0,79.8818,0,80.4809,0,80.2909,0,79.6562,0,79.0207,0,78.3847,0,80.2031,0,82.0371,0,83.8831,0,85.5751,0,86.3491,0,87.1204,0,87.8888,0,86.8933,0,85.9003,0,84.9104,0,83.9242,0,82.9422,0,81.9649,0,80.993
0,69.3769,0,66.3316,0,63.2415,0,60.1966,0,59.0765,0,59.0726,0,61.3587,0,63.6451,0,65.8953,0,68.1445,0,70.3856,0,72.612,0,74.837,0,77.0686,0,79.2994,0,79.8974,0,80.4961,0,81.0954,0,81.6541,0,81.0206,0,80.3861,0,79.7506,0,81.5749,0,83.4119,0,85.2582,0,87.1097,0,88.7593,0,89.5244,0,90.2858,0,89.2905,0,88.2963,0,87.3036,0,86.3133,0,85.2125,0,83.416,0,81.6309
0,69.3769,0,66.3316,0,63.2415,0,60.2046,0,59.2913,0,59.6945,0,61.9814,0,64.2665,0,66.5154,0,68.7613,0,70.9973,0,73.2201,0,75.4492,0,77.6824,0,79.913,0,80.5113,0,81.1102,0,81.7095,0,82.3092,0,82.3836,0,81.7507,0,81.1166,0,82.9446,0,84.7826,0,86.6269,0,88.4737,0,90.3192,0,91.9159,0,92.6677,0,91.676,0,90.6839,0,89.4655,0,87.6584,0,85.8543,0,84.0567,0,82.2692
0,69.3769,0,66.3316,0,63.2415,0,60.2253,0,59.5059,0,60.3168,0,62.604,0,64.8874,0,67.1343,0,69.3764,0,71.6068,0,73.8303,0,76.0624,0,78.2967,0,80.5264,0,81.1249,0,81.7239,0,82.3232,0,82.9227,0,83.5222,0,83.113,0,82.4809,0,84.3106,0,86.1474,0,87.9877,0,89.8277,0,91.6636,0,93.4917,0,95.0264,0,93.7055,0,91.9076,0,90.1042,0,88.2989,0,86.4954,0,84.6972,0,82.9077
0,69.3769,0,66.3316,0,63.2415,0,60.4403,0,59.7201,0,60.9394,0,63.2262,0,65.5073,0,67.7519,0,69.9897,0,72.2145,0,74.4418,0,76.6763,0,78.9112,0,81.1396,0,81.7382,0,82.3371,0,82.9362,0,83.5353,0,84.1344,0,84.4716,0,83.8422,0,85.6714,0,87.505,0,89.3393,0,91.1705,0,92.9949,0,93.9765,0,94.828,0,94.0381,0,92.541,0,90.7412,0,88.9382,0,87.1358,0,85.3373,0,83.5464
0,69.3769,0,66.3316,0,63.2415,0,60.6551,0,59.9342,0,61.5621,0,63.8481,0,66.1264,0,68.368,0,70.601,0,72.8234,0,75.0545,0,77.2909,0,79.5258,0,81.7525,0,82.351,0,82.9496,0,83.5484,0,84.1471,0,84.7455,0,85.3437,0,85.1989,0,87.0256,0,88.854,0,90.2594,0,91.1136,0,91.9679,0,92.8218,0,93.675,0,92.8832,0,92.0905,0,91.2972,0,89.5761,0,87.7752,0,85.9769,0,84.185
0,69.3769,0,66.3316,0,63.2415,0,60.8695,0,60.1479,0,62.1847,0,64.4693,0,66.7443,0,68.9825,0,71.2097,0,73.4339,0,75.6682,0,77.906,0,80.1405,0,82.3648,0,82.9631,0,83.5614,0,84.1597,0,84.7577,0,85.3555,0,85.9528,0,86.5495,0,87.3992,0,88.2506,0,89.1034,0,89.957,0,90.8112,0,91.6656,0,92.5197,0,91.7268,0,90.9334,0,90.1398,0,89.3463,0,88.4134,0,86.6159,0,84.8233
0,69.3769,0,66.3316,0,63.2446,0,61.0837,0,60.5201,0,62.8072,0,65.0899,0,67.361,0,69.5953,0,71.8169,0,74.0457,0,76.2828,0,78.5215,0,80.755,0,82.9765,0,83.5744,0,84.1723,0,84.7699,0,85.3525,0,85.5081,0,85.6637,0,85.8194,0,86.3413,0,87.0979,0,87.9488,0,88.8012,0,89.6546,0,90.5088,0,91.3632,0,90.5698,0,89.7764,0,88.9831,0,88.1904,0,87.3986,0,86.6079,0,85.4613
0,69.3769,0,66.3316,0,63.2524,0,61.2976,0,61.1427,0,63.4293,0,65.7096,0,67.9763,0,70.2062,0,72.4259,0,74.6587,0,76.8981,0,79.1372,0,81.3692,0,83.5874,0,84.1554,0,84.3107,0,84.4661,0,84.6216,0,84.7771,0,84.9327,0,85.0883,0,85.611,0,86.1331,0,86.7967,0,87.6471,0,88.4991,0,89.3523,0,90.2063,0,89.4131,0,88.6202,0,87.828,0,87.0368,0,86.2469,0,85.239,0,83.7508
0,69.3769,0,66.3316,0,63.2603,0,61.5112,0,61.7654,0,64.051,0,66.3283,0,68.5901,0,70.8115,0,73.0365,0,75.2729,0,77.5141,0,79.7167,0,81.867,0,84.0037,0,83.4243,0,83.5795,0,83.7347,0,83.8901,0,84.0455,0,84.201,0,84.3565,0,84.8797,0,85.4025,0,85.9249,0,86.4957,0,87.3456,0,88.1971,0,89.05,0,88.2576,0,87.466,0,86.6754,0,85.8863,0,84.4285,0,82.9351,0,81.4345
0,69.3769,0,66.3316,0,63.2682,0,61.7245,0,62.388,0,64.6721,0,66.9458,0,69.2023,0,71.4186,0,73.568,0,75.7262,0,77.888,0,80.0472,0,82.1978,0,84.3337,0,83.3227,0,82.848,0,83.0031,0,83.1582,0,83.3135,0,83.4689,0,83.6243,0,84.1478,0,84.6711,0,85.194,0,85.7165,0,86.2385,0,87.0442,0,87.8953,0,87.1043,0,86.3145,0,85.1049,0,83.6148,0,82.1166,0,80.6125,0,79.1045
0,69.3769,0,66.3316,0,63.276,0,61.9375,0,63.0104,0,65.2923,0,67.5621,0,69.7312,0,71.7406,0,73.893,0,76.0541,0,78.2178,0,80.3781,0,82.5288,0,84.6639,0,83.6527,0,82.6413,0,82.2713,0,82.4263,0,82.5814,0,82.7365,0,82.8918,0,83.4155,0,83.9391,0,84.4625,0,84.9855,0,85.5082,0,86.0303,0,86.743,0,85.7797,0,84.2933,0,82.798,0,81.2958,0,79.7887,0,78.2788,0,76.7682
0,69.3769,0,66.3316,0,63.2839,0,62.1501,0,63.6324,0,65.9117,0,68.1769,0,70.2285,0,72.0661,0,74.2187,0,76.3826,0,78.5482,0,80.7094,0,82.86,0,84.9941,0,83.9829,0,82.9712,0,81.9596,0,81.6946,0,81.8494,0,82.0043,0,82.1593,0,82.683,0,83.2068,0,83.7304,0,84.2538,0,84.777,0,85.2997,0,86.3037,0,83.7858,0,81.9786,0,80.4729,0,78.9635,0,77.4524,0,75.9417,0,74.4335
0,69.3769,0,66.3316,0,63.2918,0,62.3625,0,64.2539,0,66.5301,0,68.7902,0,70.7271,0,72.5689,0,74.5452,0,76.7117,0,78.8791,0,81.041,0,83.1914,0,85.3245,0,84.3133,0,83.3013,0,82.2893,0,81.2778,0,81.1177,0,81.2723,0,81.427,0,81.9506,0,82.4743,0,82.998,0,83.5216,0,84.2635,0,85.3608,0,86.4565,0,83.9393,0,81.398,0,78.8424,0,76.6254,0,75.1153,0,73.6088,0,72.1081
0,69.3769,0,66.3316,0,63.308,0,62.5913,0,64.8747,0,67.1472,0,69.3971,0,71.227,0,73.0727,0,74.9305,0,77.0415,0,79.2104,0,81.373,0,83.5231,0,85.6548,0,84.6437,0,83.6317,0,82.6193,0,81.6073,0,80.5962,0,80.5409,0,80.6952,0,81.2185,0,81.742,0,82.2656,0,83.3181,0,84.4164,0,85.5137,0,86.6093,0,84.0928,0,81.5516,0,78.9955,0,76.4346,0,73.8791,0,71.339,0,69.7994
0,69.3769,0,66.3316,0,63.5201,0,63.2135,0,65.4947,0,67.763,0,69.8935,0,71.728,0,73.5774,0,75.4378,0,77.3719,0,79.5422,0,81.7052,0,83.8549,0,85.9852,0,84.9743,0,83.9622,0,82.9495,0,81.937,0,80.9253,0,79.9149,0,79.9642,0,80.4869,0,81.2741,0,82.3723,0,83.471,0,84.5694,0,85.6667,0,86.7622,0,84.2464,0,81.7053,0,79.1488,0,76.5868,0,74.0296,0,71.4872,0,69.5681
0,69.3769,0,66.3316,0,63.7319,0,63.8354,0,66.1138,0,68.3774,0,70.3912,0,72.2301,0,74.0829,0,75.9457,0,77.8147,0,79.8745,0,82.0378,0,84.1868,0,86.3156,0,85.3049,0,84.2928,0,83.28,0,82.267,0,81.2547,0,80.2435,0,79.2341,0,80.3293,0,81.4265,0,82.525,0,83.6239,0,84.7224,0,85.8197,0,86.915,0,84.4,0,81.8591,0,79.3021,0,76.7391,0,74.2848,0,72.491,0,70.7132
0,69.3769,0,66.3316,0,63.9433,0,64.4567,0,66.7317,0,68.9901,0,70.8902,0,72.7333,0,74.5892,0,76.4541,0,78.3241,0,80.2071,0,82.3707,0,84.5189,0,86.646,0,85.6356,0,84.6235,0,83.6106,0,82.5973,0,81.5844,0,80.5771,0,79.6011,0,80.5849,0,81.579,0,82.6777,0,83.7768,0,84.8754,0,85.9727,0,87.0678,0,84.5536,0,82.013,0,79.4556,0,77.2489,0,75.4412,0,73.6438,0,71.8601
0,69.3769,0,66.3316,0,64.1543,0,65.0772,0,67.3484,0,69.559,0,71.3905,0,73.2374,0,75.0961,0,76.9628,0,78.8335,0,80.7043,0,82.7038,0,84.8511,0,86.9764,0,85.9663,0,84.9544,0,83.9413,0,82.9278,0,81.9236,0,80.9448,0,79.9682,0,80.9525,0,81.9385,0,82.9255,0,83.9298,0,85.0284,0,86.1257,0,87.2207,0,84.7073,0,82.1669,0,80.2152,0,78.4032,0,76.5956,0,74.7961,0,73.008
0,69.3769,0,66.3316,0,64.365,0,65.6969,0,67.9638,0,70.0558,0,71.8918,0,73.7423,0,75.6036,0,77.4718,0,79.3429,0,81.2131,0,83.0782,0,85.1833,0,87.3067,0,86.297,0,85.2853,0,84.2723,0,83.272,0,82.2916,0,81.3125,0,80.3355,0,81.3201,0,82.3063,0,83.2933,0,84.2806,0,85.2676,0,86.2787,0,87.3735,0,84.9698,0,83.168,0,81.3613,0,79.5531,0,77.7471,0,75.9469,0,74.1559
0,69.3769,0,66.3316,0,64.5753,0,66.3157,0,68.5776,0,70.554,0,72.3943,0,74.2481,0,76.1117,0,77.981,0,79.8523,0,81.7214,0,83.5845,0,85.5157,0,87.6369,0,86.6277,0,85.6163,0,84.621,0,83.6399,0,82.6595,0,81.6802,0,80.7028,0,81.6877,0,82.674,0,83.6609,0,84.6478,0,85.6343,0,86.6197,0,86.9001,0,85.868,0,84.2998,0,82.5006,0,80.6978,0,78.8948,0,77.0953,0,75.3028
0,69.3769,0,66.3316,0,64.7852,0,66.9332,0,69.1898,0,71.0534,0,72.8978,0,74.7546,0,76.6201,0,78.4904,0,80.3615,0,82.2294,0,84.0901,0,85.9399,0,87.967,0,86.9583,0,85.9689,0,84.9883,0,84.0076,0,83.0273,0,82.0479,0,81.0701,0,82.0553,0,83.0415,0,84.0282,0,85.0148,0,86.0006,0,86.1045,0,85.325,0,84.2893,0,83.2527,0,82.2158,0,81.1793,0,80.0378,0,78.2405,0,76.4479
0,69.3769,0,66.3369,0,65.2797,0,67.5495,0,69.7211,0,71.5541,0,73.4022,0,75.2618,0,77.129,0,78.9999,0,80.8705,0,82.7368,0,84.5949,0,86.441,0,88.297,0,87.3143,0,86.3353,0,85.3553,0,84.375,0,83.3949,0,82.4155,0,81.4374,0,82.4228,0,83.4089,0,84.3954,0,85.3814,0,85.3083,0,84.5272,0,83.7434,0,82.7056,0,81.6679,0,80.631,0,79.5955,0,78.5622,0,77.5317,0,77.1673
0,69.3769,0,66.3446,0,65.8991,0,68.1644,0,70.2184,0,72.0558,0,73.9074,0,75.7695,0,77.6381,0,79.5093,0,81.3791,0,83.2436,0,85.0988,0,86.941,0,88.3867,0,87.5847,0,86.7013,0,85.722,0,84.7422,0,83.7623,0,82.7829,0,81.8047,0,82.7901,0,83.7762,0,84.7622,0,84.5117,0,83.7293,0,82.9445,0,82.1576,0,81.1193,0,80.0822,0,79.0468,0,78.014,0,76.9842,0,76.8055,0,77.2512
0,69.3769,0,66.3523,0,66.5175,0,68.7777,0,70.7169,0,72.5586,0,74.4134,0,76.2776,0,78.1474,0,80.0186,0,81.8874,0,83.7497,0,85.6018,0,85.3704,0,88.4327,0,87.6307,0,86.8281,0,86.025,0,85.109,0,84.1295,0,83.1502,0,82.1719,0,83.1574,0,84.1432,0,83.7151,0,82.9316,0,82.1461,0,81.3588,0,80.57,0,79.5328,0,78.4978,0,77.4656,0,76.4369,0,76.4437,0,76.8895,0,77.3352
0,69.3769,0,66.3641,0,67.1346,0,69.387,0,71.2168,0,73.0624,0,74.9201,0,76.7862,0,78.6568,0,80.5277,0,82.3951,0,84.2551,0,83.9933,0,85.1565,0,88.4787,0,87.6768,0,86.8741,0,86.071,0,85.2677,0,84.4647,0,83.5174,0,82.5391,0,83.5244,0,82.9188,0,82.1346,0,81.3486,0,80.5611,0,79.7726,0,78.9831,0,77.9486,0,76.9173,0,75.8898,0,76.0819,0,76.5277,0,76.9734,0,77.4191
0,69.3769,0,66.5722,0,67.7505,0,69.8833,0,71.7178,0,73.5671,0,75.4275,0,77.2952,0,79.1662,0,81.0366,0,82.9023,0,82.6102,0,82.046,0,85.2029,0,88.5247,0,87.7228,0,86.9201,0,86.117,0,85.3137,0,84.5106,0,83.7079,0,82.9061,0,82.1231,0,81.3384,0,80.5523,0,79.765,0,78.9769,0,78.1882,0,77.3993,0,76.369,0,75.3429,0,75.72,0,76.1658,0,76.6116,0,77.0574,0,77.503
0,69.3769,0,66.7798,0,68.3648,0,70.381,0,72.2199,0,74.0726,0,75.9353,0,77.8043,0,79.6756,0,81.5451,0,81.2227,0,80.6543,0,81.8724,0,85.2493,0,88.5707,0,87.7688,0,86.9662,0,86.163,0,85.3597,0,84.5565,0,83.7538,0,82.6061,0,81.4905,0,80.3726,0,79.2533,0,78.1833,0,77.3957,0,76.6082,0,75.821,0,74.9124,0,75.3581,0,75.8039,0,76.2498,0,76.6956,0,77.1414,0,77.587
0,69.3769,0,66.987,0,68.9776,0,70.88,0,72.723,0,74.5788,0,76.4437,0,78.3137,0,80.1849,0,79.8323,0,79.2604,0,78.6861,0,81.9188,0,85.2957,0,88.6167,0,87.8148,0,87.0122,0,86.209,0,85.4057,0,84.6025,0,83.602,0,82.3061,0,81.1901,0,80.072,0,78.9528,0,77.8332,0,76.7142,0,75.5966,0,74.8203,0,75.0579,0,75.442,0,75.8878,0,76.3337,0,76.7796,0,77.2253,0,77.6709
0,69.3769,0,67.3359,0,69.5489,0,71.3802,0,73.2271,0,75.0857,0,76.9524,0,78.8231,0,78.4406,0,77.8659,0,77.2891,0,78.5548,0,81.9653,0,85.342,0,88.6627,0,87.8609,0,87.0582,0,86.255,0,85.4517,0,84.599,0,83.3019,0,82.0061,0,80.8897,0,79.7715,0,78.6524,0,77.5332,0,76.4148,0,75.3222,0,76.3925,0,76.6303,0,76.8679,0,77.1053,0,77.3425,0,77.5795,0,77.8163,0,77.9045
0,69.3769,0,67.9512,0,70.0457,0,71.8816,0,73.732,0,75.5933,0,77.4614,0,77.0495,0,76.4726,0,75.8939,0,75.3134,0,78.601,0,82.0117,0,85.3884,0,88.7087,0,87.9069,0,87.1042,0,86.3011,0,85.4977,0,84.299,0,83.0017,0,81.706,0,80.5893,0,79.4711,0,78.3522,0,77.2334,0,76.1156,0,76.8955,0,77.9717,0,78.2093,0,78.4466,0,78.6836,0,78.9205,0,79.157,0,79.2658,0,78.7372
0,69.3769,0,68.5651,0,70.5438,0,72.384,0,74.2378,0,76.1013,0,75.6604,0,75.082,0,74.5021,0,73.9207,0,75.2257,0,78.6472,0,82.0582,0,85.4348,0,88.7547,0,87.9529,0,87.1503,0,86.3471,0,85.2967,0,83.9988,0,82.7015,0,81.4058,0,80.289,0,79.1708,0,78.0521,0,76.9338,0,77.3983,0,78.4751,0,79.5555,0,79.7925,0,80.0291,0,80.2655,0,80.5016,0,80.6309,0,80.1003,0,79.5707
0,69.3769,0,69.1773,0,71.0432,0,72.8875,0,74.7443,0,74.275,0,73.6958,0,73.1154,0,72.5338,0,71.9511,0,75.2713,0,78.6934,0,82.1047,0,85.4812,0,88.8007,0,87.9989,0,87.1963,0,86.2944,0,84.9968,0,83.6986,0,82.4011,0,81.1057,0,79.9887,0,78.8706,0,77.7523,0,77.9007,0,78.9779,0,80.0585,0,81.1416,0,81.3776,0,81.6132,0,81.8485,0,81.9982,0,81.4663,0,80.9351,0,80.4047
0,69.3769,0,69.711,0,71.5438,0,73.3919,0,72.8948,0,72.3156,0,71.7354,0,71.1542,0,70.5723,0,71.9075,0,75.317,0,78.7397,0,82.1512,0,85.5276,0,88.8467,0,88.045,0,87.2423,0,85.9949,0,84.6967,0,83.3981,0,82.1007,0,80.8056,0,79.6885,0,78.5706,0,78.4028,0,79.4802,0,80.5606,0,81.6433,0,82.7274,0,82.962,0,83.1963,0,83.3663,0,82.8336,0,82.3015,0,81.7698,0,81.2389
0,69.3769,0,70.2082,0,72.0456,0,71.5216,0,70.9429,0,70.3635,0,69.7835,0,69.203,0,68.6221,0,71.9523,0,75.3627,0,78.7859,0,82.1977,0,85.574,0,88.8927,0,88.091,0,86.9927,0,85.6952,0,84.3964,0,83.0976,0,81.8002,0,80.5056,0,79.3885,0,78.9043,0,79.9818,0,81.062,0,82.144,0,83.2271,0,84.3105,0,84.5435,0,84.7336,0,84.2008,0,83.6682,0,83.1359,0,82.6041,0,82.0728
0,69.3769,0,70.7068,0,70.1567,0,69.5792,0,69.0014,0,68.4231,0,67.8447,0,67.2662,0,68.6221,0,71.9971,0,75.4084,0,78.8322,0,82.2442,0,85.6204,0,88.9387,0,87.9895,0,86.6935,0,85.3952,0,84.0959,0,82.797,0,81.4998,0,80.2055,0,79.4053,0,80.4827,0,81.5624,0,82.6436,0,83.7256,0,84.8075,0,85.8887,0,86.0984,0,85.5661,0,85.0337,0,84.5015,0,83.9694,0,83.4376,0,82.9062
