Portman_all,Portman_Gen2,Sanmina_all,Sanmina_Gen2,Portman Check,Sanmina Check,Boards,,
QR420-0345-20918,QR420-0461-20092,QR420-0345-20918,QR420-0461-20088,39,MISSING, ,,
QR420-0345-20690,QR420-0461-20028,QR420-0345-20886,QR420-0461-20068,14,4,QR420-0461-20028,,QR420-0461-20028
QR420-0345-20886,QR420-0461-20068,QR420-0345-20690,QR420-0461-20087,2,37,QR420-0461-20068,,QR420-0461-20068
QR420-0345-20757,QR420-0461-20123,QR420-0345-20866,QR420-0461-20036,9,11,QR420-0461-20123,,QR420-0461-20123
QR420-0345-20866,QR420-0461-20078,QR420-0461-20088,QR420-0461-20094,40,40, ,,QR420-0461-20001
QR420-0345-20856,QR420-0461-20001,QR420-0345-20757,QR420-0461-20064,28,12,QR420-0461-20001,,QR420-0461-20037
QR420-0345-20439,QR420-0461-20076,QR420-0345-20799,QR420-0461-20038,42,35, ,,QR420-0461-20036
QR420-0345-20315,QR420-0461-20103,QR420-0345-20856,QR420-0461-20110,72,MISSING, ,,QR420-0461-20064
QR420-0345-20799,QR420-0461-20037,QR420-0345-20315,QR420-0461-20123,18,5,QR420-0461-20037,,QR420-0461-20014
QR420-0345-20344,QR420-0461-20036,QR420-0345-20831,QR420-0461-20102,4,17,QR420-0461-20036,,QR420-0461-20100
QR420-0345-20862,QR420-0461-20064,QR420-0461-20068,QR420-0461-20041,6,46,QR420-0461-20064,,QR420-0461-20102
QR420-0345-20855,QR420-0461-20014,QR420-0345-20862,QR420-0461-20101,13,38,QR420-0461-20014,,QR420-0461-20010
QR420-0345-20752,QR420-0461-20100,QR420-0345-20749,QR420-0461-20014,23,13,QR420-0461-20100,,QR420-0461-20021
QR420-0345-20749,QR420-0461-20081,QR420-0345-20389,QR420-0461-20028,56,3, ,,QR420-0461-20038
QR420-0345-20872,QR420-0461-20082,QR420-0345-20752,QR420-0461-20010,79,22, ,,QR420-0461-20087
QR420-0345-20831,QR420-0461-20102,QR420-0345-20439,QR420-0461-20015,10,39,QR420-0461-20102,,QR420-0461-20101
QR420-0345-20389,QR420-0461-20069,QR420-0345-20995,QR420-0461-20016,35,50, ,,QR420-0461-20015
QR420-0345-20443,QR420-0461-20093,QR420-0345-20855,QR420-0461-20037,47,10, ,,QR420-0461-20094
QR420-0345-20193,QR420-0461-20083,QR420-0345-20897,QR420-0461-20017,66,60, ,,QR420-0461-20113
QR420-0345-20897,QR420-0461-20035,QR420-0345-20344,QR420-0345-21000,57,MISSING, ,,QR420-0461-20041
QR420-0345-20630,QR420-0461-20010,QR420-0345-20993,QR420-0461-20048,15,MISSING,QR420-0461-20010,,QR420-0461-20016
QR420-0345-20737,QR420-0461-20089,QR420-0345-20588,QR420-0461-20113,78,42, ,,
QR420-0345-20728,QR420-0461-20021,QR420-0345-20872,QR420-0461-20100,25,14,QR420-0461-20021,,
QR420-0345-20732,QR420-0461-20107,QR420-0345-20728,QR420-0461-20127,32,MISSING, ,,
QR420-0345-20993,QR420-0461-20040,QR420-0345-20069,QR420-0461-20021,77,24, ,,
QR420-0345-20588,QR420-0461-20002,QR420-0345-20193,QR420-0461-20096,64,57, ,,
QR420-0345-20069,QR420-0461-20091,QR420-0345-20443,QR420-0461-20060,75,MISSING, ,,
QR420-0345-20196,QR420-0461-20034,QR420-0345-20808,QR420-0461-20001,82,7, ,,
QR420-0345-20075,QR420-0461-20106,QR420-0345-20630,QR420-0345-00895,55,MISSING, ,,
QR420-0345-20096,QR420-0461-20111,QR420-0345-20196,QR420-0461-20029,60,MISSING, ,,
QR420-0345-20353,QR420-0461-20043,QR420-0345-20798,QR420-0461-20108,45,MISSING, ,,
QR420-0345-20808,QR420-0461-20012,QR420-0345-20353,QR420-0461-20107,90,25, ,,
QR420-0345-20627,QR420-0461-20122,QR420-0345-20732,QR420-0461-20109,37,MISSING, ,,
QR420-0345-20899,QR420-0461-20038,QR420-0345-20737,QR420-0461-20119,7,MISSING,QR420-0461-20038,,
QR420-0345-20395,QR420-0461-20129,QR420-0345-20689,QR420-0461-20069,58,18, ,,
QR420-0345-20939,QR420-0461-20087,QR420-0345-20627,QR420-0461-20063,3,45,QR420-0461-20087,,
QR420-0345-20640,QR420-0461-20101,QR420-0345-20096,QR420-0461-20122,12,34,QR420-0461-20101,,
QR420-0345-20705,QR420-0461-20015,QR420-0345-20075,QR420-0461-20044,16,MISSING,QR420-0461-20015,,
QR420-0345-20689,QR420-0461-20094,QR420-0345-20899,QR420-0461-20092,5,2,QR420-0461-20094,,
QR420-0345-20043,QR420-0461-20024,QR420-0345-20240,QR420-0461-20078,83,6, ,,
QR420-0345-20263,QR420-0461-20113,QR420-0345-20705,QR420-0461-20003,22,51,QR420-0461-20113,,
QR420-0345-20240,QR420-0461-20004,QR420-0345-20436,QR420-0461-20076,46,8, ,,
QR420-0345-20915,QR420-0461-20086,QR420-0345-20747,QR420-0461-20099,89,63, ,,
QR420-0345-20885,QR420-0461-20063,QR420-0345-20395,QR420-0461-20045,36,MISSING, ,,
QR420-0345-20436,QR420-0461-20041,QR420-0345-20826,QR420-0461-20043,11,32,QR420-0461-20041,,
QR420-0345-20649,QR420-0461-20080,QR420-0345-20939,QR420-0461-20004,59,43, ,,
QR420-0345-20963,QR420-0461-20090,QR420-0345-20649,QR420-0461-20093,81,19, ,,
QR420-0345-20906,QR420-0461-20047,QR420-0345-20963,QR420-0461-20020,76,MISSING, ,,
QR420-0345-20798,QR420-0461-20016,QR420-0345-20640,QR420-0461-20114,17,MISSING,QR420-0461-20016,,
QR420-0345-20192,QR420-0461-20003,QR420-0345-20043,QR420-0461-20112,41,MISSING, ,,
QR420-0345-20094,QR420-0461-20061,QR420-0345-20528,QR420-0461-20011,62,MISSING, ,,
QR420-0345-21057,QR420-0461-20098,QR420-0345-20915,QR420-0461-20125,53,MISSING, ,,
QR420-0345-20775,QR420-0461-20121,QR420-0345-20679,QR420-0461-20098,80,53, ,,
QR420-0345-20766,QR420-0461-20104,QR420-0345-20805,QR420-0461-20128,70,MISSING, ,,
QR420-0345-20812,QR420-0461-20085,QR420-0345-20456,QR420-0461-20106,87,30, ,,
QR420-0345-20747,QR420-0461-20096,QR420-0345-20885,QR420-0461-20081,26,15,QR420-0461-20096,,
QR420-0345-20838,QR420-0461-20097,QR420-0461-20087,QR420-0461-20035,67,21, ,,
QR420-0345-20916,QR420-0461-20019,QR420-0345-21057,QR420-0461-20129,68,36, ,,
QR420-0345-20424,QR420-0461-20017,QR420-0345-20590,QR420-0461-20080,19,47,QR420-0461-20017,,
QR420-0345-20826,QR420-0461-20039,QR420-0345-20838,QR420-0461-20111,91,31, ,,
QR420-0345-20576,QR420-0461-20050,QR420-0345-20192,QR420-0461-20023,85,MISSING, ,,
QR420-0345-20528,QR420-0461-20099,QR420-0345-20916,QR420-0461-20061,43,52, ,,
QR420-0345-20948,QR420-0461-20116,QR420-0345-20906,QR420-0461-20049,86,MISSING, ,,
QR420-0345-20884,QR420-0461-20018,QR420-0345-20871,QR420-0461-20002,93,27, ,,
QR420-0345-20592,,QR420-0345-20900,QR420-0461-20105,,MISSING,0,,
QR420-0345-20595,,QR420-0345-20094,QR420-0461-20083,,20,0,,
QR420-0345-20764,,QR420-0345-20812,QR420-0461-20097,,58,0,,
QR420-0345-20456,,QR420-0345-20850,QR420-0461-20019,,59,0,,
QR420-0345-20159,,QR420-0345-20884,QR420-0461-20120,,MISSING,0,,
QR420-0345-20850,,QR420-0345-20686,QR420-0461-20104,,55,0,,
QR420-0345-20446,,QR420-0345-20837,QR420-0345-21063,,MISSING,0,,
QR420-0345-20679,,QR420-0345-20576,QR420-0461-20103,,9,0,,
QR420-0345-20996,,QR420-0345-20446,QR420-0461-20013,,MISSING,0,,
QR420-0345-20818,,QR420-0345-20775,QR420-0461-20117,,MISSING,0,,
QR420-0345-20357,,QR420-0345-20652,QR420-0461-20091,,28,0,,
QR420-0345-20416,,QR420-0345-20854,QR420-0461-20047,,49,0,,
QR420-0345-20871,,QR420-0345-20724,QR420-0461-20040,,26,0,,
QR420-0345-20362,,QR420-0345-20592,QR420-0461-20089,,23,0,,
QR420-0345-20959,,QR420-0345-20996,QR420-0461-20082,,16,0,,
QR420-0345-20854,,QR420-0345-20595,QR420-0461-20121,,54,0,,
QR420-0345-20112,,QR420-0345-20829,QR420-0461-20090,,48,0,,
QR420-0345-20316,,QR420-0461-20036,QR420-0461-20034,,29,0,,
QR420-0345-20805,,QR420-0345-20557,QR420-0461-20024,,41,0,,
QR420-0345-20900,,QR420-0345-20565,QR420-0461-20079,,MISSING,0,,
QR420-0345-21071,,QR420-0345-20159,QR420-0461-20050,,62,0,,
QR420-0345-20428,,QR420-0345-20825,QR420-0461-20116,,64,0,,
QR420-0345-20652,,QR420-0345-20648,QR420-0461-20085,,56,0,,
QR420-0345-20961,,QR420-0345-20961,QR420-0461-20126,,MISSING,0,,
QR420-0345-20744,,QR420-0345-20979,QR420-0461-20086,,44,0,,
QR420-0345-20837,,QR420-0345-20424,QR420-0461-20012,,33,0,,
QR420-0345-20686,,QR420-0461-20094,QR420-0461-20039,,61,0,,
QR420-0345-20724,,QR420-0345-20766,QR420-0461-20130,,MISSING,0,,
QR420-0345-20367,,QR420-0345-20956,QR420-0461-20018,,65,0,,
QR420-0345-20392,,QR420-0345-20882,QR420-0461-20022,,MISSING,0,,
QR420-0345-20648,,QR420-0345-21071,QR420-0461-20124,,MISSING,0,,
QR420-0345-20674,,QR420-0345-20948,,,MISSING,0,,
QR420-0345-20771,,QR420-0345-20362,,,MISSING,0,,
QR420-0345-20122,,QR420-0345-20904,,,MISSING,0,,
QR420-0345-20825,,QR420-0345-20316,,,MISSING,0,,
QR420-0345-20650,,QR420-0345-20764,,,MISSING,0,,
QR420-0345-20904,,QR420-0345-21059,,,MISSING,0,,
QR420-0345-20565,,QR420-0345-20650,,,MISSING,0,,
QR420-0345-20085,,QR420-0345-20674,,,MISSING,0,,
QR420-0345-20725,,QR420-0345-20691,,,MISSING,0,,
QR420-0345-20340,,QR420-0345-20744,,,MISSING,0,,
QR420-0345-20956,,QR420-0345-20974,,,MISSING,0,,
QR420-0345-20829,,QR420-0345-20085,,,MISSING,0,,
QR420-0345-20962,,QR420-0345-20416,,,MISSING,0,,
QR420-0345-20882,,QR420-0345-20392,,,MISSING,0,,
QR420-0345-20335,,QR420-0345-20428,,,MISSING,0,,
QR420-0345-20979,,QR420-0345-20818,,,MISSING,0,,
QR420-0345-20345,,QR420-0345-20959,,,MISSING,0,,
QR420-0345-20616,,QR420-0345-20122,,,MISSING,0,,
QR420-0345-20753,,QR420-0345-20694,,,MISSING,0,,
QR420-0345-20073,,QR420-0345-20725,,,MISSING,0,,
QR420-0345-20372,,QR420-0345-21056,,,MISSING,0,,
QR420-0345-20629,,QR420-0345-20616,,,MISSING,0,,
QR420-0345-20833,,QR420-0345-20112,,,MISSING,0,,
QR420-0345-20320,,QR420-0345-20618,,,MISSING,0,,
QR420-0345-20125,,QR420-0345-20278,,,MISSING,0,,
QR420-0345-20421,,QR420-0345-20753,,,MISSING,0,,
QR420-0345-20857,,QR420-0345-20771,,,MISSING,0,,
QR420-0345-20571,,QR420-0345-20340,,,MISSING,0,,
QR420-0345-20473,,QR420-0345-20907,,,MISSING,0,,
QR420-0345-20618,,QR420-0345-20357,,,MISSING,0,,
QR420-0345-20974,,QR420-0345-21041,,,MISSING,0,,
QR420-0345-20692,,QR420-0345-20386,,,MISSING,0,,
QR420-0345-20547,,QR420-0345-20125,,,MISSING,0,,
QR420-0345-21059,,QR420-0345-20372,,,MISSING,0,,
QR420-0345-20278,,QR420-0345-20913,,,MISSING,0,,
QR420-0345-21056,,QR420-0345-20367,,,MISSING,0,,
QR420-0345-20957,,QR420-0461-20064,,,MISSING,0,,
QR420-0345-20694,,QR420-0345-20147,,,MISSING,0,,
QR420-0345-20820,,QR420-0345-20073,,,MISSING,0,,
QR420-0345-20398,,QR420-0345-20697,,,MISSING,0,,
QR420-0345-20913,,QR420-0345-20957,,,MISSING,0,,
QR420-0345-20147,,QR420-0345-20571,,,MISSING,0,,
QR420-0345-20986,,QR420-0345-20421,,,MISSING,0,,
QR420-0345-20457,,QR420-0461-20038,,,MISSING,0,,
QR420-0345-21001,,QR420-0345-20547,,,MISSING,0,,
QR420-0345-20447,,QR420-0345-20745,,,MISSING,0,,
QR420-0345-20386,,QR420-0345-20986,,,MISSING,0,,
QR420-0345-20520,,QR420-0345-20857,,,MISSING,0,,
QR420-0345-20907,,QR420-0345-20320,,,MISSING,0,,
QR420-0345-20745,,QR420-0345-20444,,,MISSING,0,,
QR420-0345-20691,,QR420-0345-20345,,,MISSING,0,,
QR420-0345-20720,,QR420-0345-20335,,,MISSING,0,,
QR420-0345-21271,,QR420-0345-20692,,,MISSING,0,,
QR420-0345-20444,,QR420-0345-20833,,,MISSING,0,,
QR420-0345-20742,,QR420-0345-20513,,,MISSING,0,,
QR420-0345-20021,,QR420-0345-20265,,,MISSING,0,,
QR420-0345-20478,,QR420-0345-20039,,,MISSING,0,,
QR420-0345-20403,,QR420-0345-20962,,,MISSING,0,,
QR420-0345-20605,,QR420-0345-21271,,,MISSING,0,,
QR420-0345-20513,,QR420-0345-20473,,,MISSING,0,,
QR420-0345-21041,,QR420-0345-20629,,,MISSING,0,,
QR420-0345-20381,,QR420-0345-20683,,,MISSING,0,,
QR420-0345-20452,,QR420-0345-20447,,,MISSING,0,,
QR420-0345-20880,,QR420-0345-20398,,,MISSING,0,,
QR420-0345-20138,,QR420-0345-21064,,,MISSING,0,,
QR420-0345-20530,,QR420-0345-20021,,,MISSING,0,,
QR420-0345-20746,,QR420-0345-20880,,,MISSING,0,,
QR420-0345-20039,,QR420-0345-21001,,,MISSING,0,,
QR420-0345-20265,,QR420-0345-20608,,,MISSING,0,,
QR420-0345-20683,,QR420-0345-20605,,,MISSING,0,,
QR420-0345-20249,,QR420-0345-20820,,,MISSING,0,,
QR420-0345-20697,,QR420-0345-20138,,,MISSING,0,,
QR420-0345-20119,,QR420-0345-21339,,,MISSING,0,,
QR420-0345-21270,,QR420-0345-20435,,,MISSING,0,,
QR420-0345-21064,,QR420-0345-20046,,,MISSING,0,,
QR420-0345-21222,,QR420-0345-20842,,,MISSING,0,,
QR420-0345-20450,,QR420-0345-20457,,,MISSING,0,,
QR420-0345-20518,,QR420-0345-20969,,,MISSING,0,,
QR420-0345-20046,,QR420-0345-20403,,,MISSING,0,,
QR420-0345-20431,,QR420-0345-20923,,,MISSING,0,,
QR420-0345-20514,,QR420-0345-20720,,,MISSING,0,,
QR420-0345-20496,,QR420-0345-20450,,,MISSING,0,,
QR420-0345-20842,,QR420-0345-20141,,,MISSING,0,,
QR420-0345-20037,,QR420-0345-20452,,,MISSING,0,,
QR420-0345-20608,,QR420-0461-20110,,,MISSING,0,,
QR420-0345-20462,,QR420-0345-20746,,,MISSING,0,,
QR420-0345-20332,,QR420-0345-20119,,,MISSING,0,,
QR420-0345-20391,,QR420-0345-20693,,,MISSING,0,,
QR420-0345-20141,,QR420-0461-20123,,,MISSING,0,,
QR420-0345-20969,,QR420-0345-20681,,,MISSING,0,,
QR420-0345-20451,,QR420-0345-20687,,,MISSING,0,,
QR420-0345-20435,,QR420-0345-20580,,,MISSING,0,,
QR420-0345-20333,,QR420-0345-20478,,,MISSING,0,,
QR420-0345-20371,,QR420-0345-20615,,,MISSING,0,,
QR420-0345-20659,,QR420-0461-20102,,,MISSING,0,,
QR420-0345-20794,,QR420-0345-20381,,,MISSING,0,,
QR420-0345-20068,,QR420-0345-20514,,,MISSING,0,,
QR420-0345-21341,,QR420-0345-20978,,,MISSING,0,,
QR420-0345-20580,,QR420-0345-20332,,,MISSING,0,,
QR420-0345-20393,,QR420-0345-20462,,,MISSING,0,,
QR420-0345-20923,,QR420-0345-21066,,,MISSING,0,,
QR420-0345-20561,,QR420-0345-20249,,,MISSING,0,,
QR420-0345-20623,,QR420-0345-20431,,,MISSING,0,,
QR420-0345-20199,,QR420-0345-20496,,,MISSING,0,,
QR420-0345-20681,,QR420-0345-20530,,,MISSING,0,,
QR420-0345-20945,,QR420-0345-20068,,,MISSING,0,,
QR420-0345-20750,,QR420-0345-20750,,,MISSING,0,,
QR420-0345-20693,,QR420-0345-21270,,,MISSING,0,,
QR420-0345-20554,,QR420-0345-20037,,,MISSING,0,,
QR420-0345-20978,,QR420-0345-20794,,,MISSING,0,,
QR420-0345-20687,,QR420-0461-20041,,,MISSING,0,,
QR420-0345-20858,,QR420-0345-20451,,,MISSING,0,,
QR420-0345-20380,,QR420-0345-20371,,,MISSING,0,,
QR420-0345-20470,,QR420-0345-21341,,,MISSING,0,,
QR420-0345-20717,,QR420-0345-20554,,,MISSING,0,,
QR420-0345-21066,,QR420-0345-20108,,,MISSING,0,,
QR420-0345-20461,,QR420-0345-20945,,,MISSING,0,,
QR420-0345-20615,,QR420-0345-21061,,,MISSING,0,,
QR420-0345-20221,,QR420-0345-21088,,,MISSING,0,,
QR420-0345-21038,,QR420-0461-20101,,,MISSING,0,,
QR420-0345-20411,,QR420-0345-20741,,,MISSING,0,,
QR420-0345-20401,,QR420-0345-20391,,,MISSING,0,,
QR420-0345-21088,,QR420-0345-20659,,,MISSING,0,,
QR420-0345-20869,,QR420-0345-20333,,,MISSING,0,,
QR420-0345-20153,,QR420-0461-20014,,,MISSING,0,,
QR420-0345-20741,,QR420-0345-20869,,,MISSING,0,,
QR420-0345-20874,,QR420-0345-20937,,,MISSING,0,,
QR420-0345-20626,,QR420-0345-20420,,,MISSING,0,,
QR420-0345-20816,,QR420-0345-20442,,,MISSING,0,,
QR420-0345-20722,,QR420-0345-20499,,,MISSING,0,,
QR420-0345-20108,,QR420-0345-20874,,,MISSING,0,,
QR420-0345-20937,,QR420-0345-20717,,,MISSING,0,,
QR420-0345-20504,,QR420-0345-00456,,,MISSING,0,,
QR420-0345-20638,,QR420-0345-20199,,,MISSING,0,,
QR420-0345-20453,,QR420-0345-20470,,,MISSING,0,,
QR420-0345-20319,,QR420-0345-20858,,,MISSING,0,,
QR420-0345-20499,,QR420-0345-20910,,,MISSING,0,,
QR420-0345-20429,,QR420-0345-20623,,,MISSING,0,,
QR420-0345-20955,,QR420-0345-20561,,,MISSING,0,,
QR420-0345-20442,,QR420-0345-20380,,,MISSING,0,,
QR420-0345-21061,,QR420-0345-21095,,,MISSING,0,,
QR420-0345-20911,,QR420-0345-20411,,,MISSING,0,,
QR420-0345-20485,,QR420-0345-20461,,,MISSING,0,,
QR420-0345-20407,,QR420-0345-20401,,,MISSING,0,,
QR420-0345-20848,,QR420-0345-20504,,,MISSING,0,,
QR420-0345-20118,,QR420-0345-20429,,,MISSING,0,,
QR420-0345-20644,,QR420-0345-20153,,,MISSING,0,,
QR420-0345-20120,,QR420-0345-20226,,,MISSING,0,,
QR420-0345-20129,,QR420-0345-20849,,,MISSING,0,,
QR420-0345-20849,,QR420-0345-20684,,,MISSING,0,,
QR420-0345-20352,,QR420-0345-20626,,,MISSING,0,,
QR420-0345-21095,,QR420-0345-21038,,,MISSING,0,,
QR420-0345-20910,,QR420-0345-20638,,,MISSING,0,,
QR420-0345-20449,,QR420-0345-20677,,,MISSING,0,,
QR420-0345-20146,,QR420-0345-20722,,,MISSING,0,,
QR420-0345-20677,,QR420-0345-20848,,,MISSING,0,,
QR420-0345-20307,,QR420-0345-20074,,,MISSING,0,,
QR420-0345-20074,,QR420-0345-21060,,,MISSING,0,,
QR420-0345-20610,,QR420-0345-20319,,,MISSING,0,,
QR420-0345-20684,,QR420-0345-20955,,,MISSING,0,,
QR420-0345-20646,,QR420-0345-20868,,,MISSING,0,,
QR420-0345-21235,,QR420-0345-20816,,,MISSING,0,,
QR420-0345-20845,,QR420-0345-20453,,,MISSING,0,,
QR420-0345-20568,,QR420-0345-20723,,,MISSING,0,,
QR420-0345-21060,,QR420-0345-20146,,,MISSING,0,,
QR420-0345-20765,,QR420-0345-20407,,,MISSING,0,,
QR420-0345-20585,,QR420-0345-20585,,,MISSING,0,,
QR420-0345-20506,,QR420-0345-21393,,,MISSING,0,,
QR420-0345-20524,,QR420-0461-20028,,,MISSING,0,,
QR420-0345-20868,,QR420-0345-21282,,,MISSING,0,,
QR420-0345-21393,,QR420-0345-20644,,,MISSING,0,,
QR420-0345-20136,,QR420-0345-20911,,,MISSING,0,,
QR420-0345-20180,,QR420-0345-20180,,,MISSING,0,,
QR420-0345-20878,,QR420-0345-20120,,,MISSING,0,,
QR420-0345-21282,,QR420-0345-20610,,,MISSING,0,,
QR420-0345-20242,,QR420-0345-20680,,,MISSING,0,,
QR420-0345-20191,,QR420-0345-20106,,,MISSING,0,,
QR420-0345-20680,,QR420-0345-21337,,,MISSING,0,,
QR420-0345-20888,,QR420-0345-20477,,,MISSING,0,,
QR420-0345-21089,,QR420-0345-20118,,,MISSING,0,,
QR420-0345-21337,,QR420-0345-20307,,,MISSING,0,,
QR420-0345-20936,,QR420-0345-20524,,,MISSING,0,,
QR420-0345-20625,,QR420-0345-20936,,,MISSING,0,,
QR420-0345-20483,,QR420-0345-20646,,,MISSING,0,,
QR420-0345-20216,,QR420-0345-21090,,,MISSING,0,,
QR420-0345-20366,,QR420-0345-20449,,,MISSING,0,,
QR420-0345-20958,,QR420-0345-20568,,,MISSING,0,,
QR420-0345-20317,,QR420-0345-20765,,,MISSING,0,,
QR420-0345-20220,,QR420-0345-21089,,,MISSING,0,,
QR420-0345-20432,,QR420-0345-20506,,,MISSING,0,,
QR420-0345-20642,,QR420-0345-20136,,,MISSING,0,,
QR420-0345-21090,,QR420-0345-20317,,,MISSING,0,,
QR420-0345-21039,,QR420-0461-20010,,,MISSING,0,,
QR420-0345-20247,,QR420-0345-20242,,,MISSING,0,,
QR420-0345-20604,,QR420-0461-20015,,,MISSING,0,,
QR420-0345-21327,,QR420-0345-20887,,,MISSING,0,,
QR420-0345-20140,,QR420-0345-20845,,,MISSING,0,,
QR420-0345-20117,,QR420-0345-20698,,,MISSING,0,,
QR420-0345-20002,,QR420-0345-20140,,,MISSING,0,,
QR420-0345-20698,,QR420-0345-20763,,,MISSING,0,,
QR420-0345-20887,,QR420-0345-20220,,,MISSING,0,,
QR420-0345-20654,,QR420-0345-20888,,,MISSING,0,,
QR420-0345-20991,,QR420-0345-20651,,,MISSING,0,,
QR420-0345-20083,,QR420-0345-20664,,,MISSING,0,,
QR420-0345-20583,,QR420-0345-20625,,,MISSING,0,,
QR420-0345-20641,,QR420-0345-20483,,,MISSING,0,,
QR420-0345-20755,,QR420-0345-20641,,,MISSING,0,,
QR420-0345-20101,,QR420-0345-20642,,,MISSING,0,,
QR420-0345-20219,,QR420-0345-20191,,,MISSING,0,,
QR420-0345-20999,,QR420-0345-20101,,,MISSING,0,,
QR420-0345-20579,,QR420-0345-20247,,,MISSING,0,,
QR420-0345-20014,,QR420-0345-20219,,,MISSING,0,,
QR420-0345-20662,,QR420-0345-20662,,,MISSING,0,,
QR420-0345-20647,,QR420-0345-20958,,,MISSING,0,,
QR420-0345-20374,,QR420-0345-20834,,,MISSING,0,,
QR420-0345-20709,,QR420-0461-20016,,,MISSING,0,,
QR420-0345-20782,,QR420-0345-20782,,,MISSING,0,,
QR420-0345-20612,,QR420-0345-20432,,,MISSING,0,,
QR420-0345-20840,,QR420-0345-21327,,,MISSING,0,,
QR420-0345-20938,,QR420-0345-21039,,,MISSING,0,,
QR420-0345-20385,,QR420-0345-20754,,,MISSING,0,,
QR420-0345-20743,,QR420-0345-20840,,,MISSING,0,,
QR420-0345-21211,,QR420-0345-20654,,,MISSING,0,,
QR420-0345-20653,,QR420-0345-20002,,,MISSING,0,,
QR420-0345-20754,,QR420-0345-20612,,,MISSING,0,,
QR420-0345-20700,,QR420-0345-20647,,,MISSING,0,,
QR420-0461-20092,,QR420-0461-20037,,,MISSING,0,,
QR420-0345-20562,,QR420-0345-20604,,,MISSING,0,,
QR420-0345-20123,,QR420-0345-20117,,,MISSING,0,,
QR420-0345-20729,,QR420-0345-21211,,,MISSING,0,,
QR420-0345-20390,,QR420-0461-20017,,,MISSING,0,,
QR420-0345-20739,,QR420-0345-20700,,,MISSING,0,,
QR420-0345-20515,,QR420-0345-21000,,,MISSING,0,,
QR420-0345-20364,,QR420-0345-20999,,,MISSING,0,,
QR420-0345-20810,,QR420-0345-20743,,,MISSING,0,,
QR420-0345-21043,,QR420-0345-20583,,,MISSING,0,,
QR420-0345-21350,,QR420-0461-20048,,,MISSING,0,,
QR420-0345-20484,,QR420-0345-20861,,,MISSING,0,,
QR420-0345-00494,,QR420-0345-20755,,,MISSING,0,,
QR420-0345-20952,,QR420-0461-20113,,,MISSING,0,,
QR420-0345-20517,,QR420-0345-20385,,,MISSING,0,,
QR420-0345-20661,,QR420-0461-20100,,,MISSING,0,,
QR420-0345-21272,,QR420-0345-20709,,,MISSING,0,,
QR420-0345-20566,,QR420-0345-20579,,,MISSING,0,,
QR420-0345-20976,,QR420-0345-20014,,,MISSING,0,,
QR420-0461-20028,,QR420-0345-20374,,,MISSING,0,,
QR420-0345-20349,,QR420-0345-20562,,,MISSING,0,,
QR420-0345-20351,,QR420-0345-20938,,,MISSING,0,,
QR420-0345-21091,,QR420-0345-21043,,,MISSING,0,,
QR420-0345-20762,,QR420-0345-20729,,,MISSING,0,,
QR420-0345-20593,,QR420-0345-20515,,,MISSING,0,,
QR420-0345-21096,,QR420-0345-20566,,,MISSING,0,,
QR420-0345-20536,,QR420-0345-20484,,,MISSING,0,,
QR420-0345-20402,,QR420-0345-20390,,,MISSING,0,,
QR420-0345-20305,,QR420-0461-20127,,,MISSING,0,,
QR420-0345-20635,,QR420-0345-20810,,,MISSING,0,,
QR420-0345-20269,,QR420-0345-20653,,,MISSING,0,,
QR420-0345-20950,,QR420-0345-20123,,,MISSING,0,,
QR420-0345-20964,,QR420-0461-20021,,,MISSING,0,,
QR420-0345-20532,,QR420-0345-20661,,,MISSING,0,,
QR420-0345-20819,,QR420-0345-21350,,,MISSING,0,,
QR420-0345-20995,,QR420-0345-20976,,,MISSING,0,,
QR420-0345-20759,,QR420-0461-20096,,,MISSING,0,,
QR420-0345-20736,,QR420-0345-20349,,,MISSING,0,,
QR420-0345-20343,,QR420-0345-20364,,,MISSING,0,,
QR420-0345-20590,,QR420-0345-21091,,,MISSING,0,,
QR420-0345-20796,,QR420-0345-21272,,,MISSING,0,,
QR420-0345-20557,,QR420-0345-20952,,,MISSING,0,,
QR420-0345-20721,,QR420-0345-20739,,,MISSING,0,,
QR420-0345-20988,,QR420-0345-20517,,,MISSING,0,,
QR420-0345-21035,,QR420-0461-20060,,,MISSING,0,,
QR420-0345-20594,,QR420-0345-20100,,,MISSING,0,,
QR420-0345-20377,,QR420-0345-20351,,,MISSING,0,,
QR420-0345-20162,,QR420-0345-20762,,,MISSING,0,,
QR420-0345-20469,,QR420-0345-21096,,,MISSING,0,,
QR420-0345-00745,,QR420-0345-20593,,,MISSING,0,,
QR420-0345-20227,,QR420-0345-20402,,,MISSING,0,,
QR420-0345-20832,,QR420-0345-20305,,,MISSING,0,,
QR420-0345-20426,,QR420-0345-20536,,,MISSING,0,,
QR420-0345-20258,,QR420-0345-20919,,,MISSING,0,,
QR420-0345-20905,,QR420-0345-20269,,,MISSING,0,,
QR420-0345-20406,,QR420-0345-20964,,,MISSING,0,,
QR420-0345-20865,,QR420-0345-20532,,,MISSING,0,,
QR420-0345-20779,,QR420-0345-20819,,,MISSING,0,,
QR420-0345-20970,,QR420-0345-20759,,,MISSING,0,,
QR420-0345-21339,,QR420-0345-20263,,,MISSING,0,,
QR420-0345-20487,,QR420-0345-20736,,,MISSING,0,,
QR420-0345-20710,,QR420-0345-20343,,,MISSING,0,,
QR420-0345-20264,,QR420-0345-20796,,,MISSING,0,,
QR420-0345-20852,,QR420-0345-20988,,,MISSING,0,,
QR420-0345-20830,,QR420-0345-20721,,,MISSING,0,,
QR420-0345-20188,,QR420-0345-20469,,,MISSING,0,,
QR420-0345-20836,,QR420-0345-20594,,,MISSING,0,,
QR420-0345-20396,,QR420-0345-21035,,,MISSING,0,,
QR420-0345-00456,,QR420-0461-20001,,,MISSING,0,,
QR420-0345-20420,,QR420-0345-20905,,,MISSING,0,,
QR420-0345-20525,,QR420-0345-20377,,,MISSING,0,,
QR420-0345-20522,,QR420-0345-20832,,,MISSING,0,,
QR420-0345-20225,,QR420-0345-20162,,,MISSING,0,,
QR420-0345-20164,,QR420-0345-20521,,,MISSING,0,,
QR420-0345-00851,,QR420-0345-20742,,,MISSING,0,,
QR420-0345-20007,,QR420-0345-20227,,,MISSING,0,,
QR420-0345-20883,,QR420-0345-20520,,,MISSING,0,,
QR420-0345-20928,,QR420-0345-21222,,,MISSING,0,,
QR420-0345-20908,,QR420-0345-20406,,,MISSING,0,,
QR420-0345-20846,,QR420-0345-20779,,,MISSING,0,,
QR420-0345-20190,,QR420-0345-20518,,,MISSING,0,,
QR420-0345-20614,,QR420-0345-20830,,,MISSING,0,,
QR420-0345-20983,,QR420-0345-20836,,,MISSING,0,,
QR420-0345-20498,,QR420-0345-00745,,,MISSING,0,,
QR420-0345-20373,,QR420-0345-20487,,,MISSING,0,,
QR420-0345-20361,,QR420-0345-20865,,,MISSING,0,,
QR420-0345-20761,,QR420-0345-20970,,,MISSING,0,,
QR420-0345-20603,,QR420-0345-20426,,,MISSING,0,,
QR420-0345-21092,,QR420-0345-20852,,,MISSING,0,,
QR420-0345-21058,,QR420-0345-20188,,,MISSING,0,,
QR420-0345-20941,,QR420-0345-20396,,,MISSING,0,,
QR420-0345-20489,,QR420-0345-00895,,,MISSING,0,,
QR420-0345-00895,,QR420-0345-20710,,,MISSING,0,,
QR420-0345-20226,,QR420-0345-20221,,,MISSING,0,,
QR420-0345-20509,,QR420-0345-20525,,,MISSING,0,,
QR420-0345-21085,,QR420-0345-20928,,,MISSING,0,,
QR420-0345-20992,,QR420-0345-20225,,,MISSING,0,,
QR420-0345-00539,,QR420-0345-00851,,,MISSING,0,,
QR420-0345-20419,,QR420-0345-20164,,,MISSING,0,,
QR420-0345-20658,,QR420-0345-20264,,,MISSING,0,,
QR420-0345-21283,,QR420-0345-20883,,,MISSING,0,,
QR420-0345-20093,,QR420-0345-21322,,,MISSING,0,,
QR420-0345-20828,,QR420-0345-20908,,,MISSING,0,,
QR420-0345-20477,,QR420-0345-21092,,,MISSING,0,,
QR420-0345-20811,,QR420-0345-20614,,,MISSING,0,,
QR420-0345-20479,,QR420-0345-20498,,,MISSING,0,,
QR420-0345-20277,,QR420-0345-20522,,,MISSING,0,,
QR420-0345-20551,,QR420-0345-20983,,,MISSING,0,,
QR420-0345-20784,,QR420-0345-20007,,,MISSING,0,,
QR420-0345-20310,,QR420-0345-20485,,,MISSING,0,,
QR420-0345-20767,,QR420-0345-20941,,,MISSING,0,,
QR420-0345-20663,,QR420-0345-20093,,,MISSING,0,,
QR420-0345-20723,,QR420-0345-20992,,,MISSING,0,,
QR420-0345-20256,,QR420-0345-21085,,,MISSING,0,,
QR420-0345-20807,,QR420-0345-20393,,,MISSING,0,,
QR420-0345-20793,,QR420-0345-21283,,,MISSING,0,,
QR420-0345-20458,,QR420-0345-20373,,,MISSING,0,,
QR420-0345-21003,,QR420-0345-20509,,,MISSING,0,,
QR420-0345-20573,,QR420-0345-00539,,,MISSING,0,,
QR420-0345-20545,,QR420-0345-20361,,,MISSING,0,,
QR420-0345-20070,,QR420-0345-20190,,,MISSING,0,,
QR420-0345-20802,,QR420-0345-20784,,,MISSING,0,,
QR420-0345-20632,,QR420-0345-21058,,,MISSING,0,,
QR420-0345-20152,,QR420-0345-20807,,,MISSING,0,,
QR420-0345-00380,,QR420-0345-20846,,,MISSING,0,,
QR420-0345-20763,,QR420-0345-20663,,,MISSING,0,,
QR420-0345-20760,,QR420-0345-20658,,,MISSING,0,,
QR420-0345-20087,,QR420-0345-20761,,,MISSING,0,,
QR420-0345-20572,,QR420-0345-20811,,,MISSING,0,,
QR420-0345-20330,,QR420-0345-20489,,,MISSING,0,,
QR420-0345-20500,,QR420-0345-20419,,,MISSING,0,,
QR420-0345-20415,,QR420-0345-20603,,,MISSING,0,,
QR420-0345-20997,,QR420-0345-21003,,,MISSING,0,,
QR420-0345-20774,,QR420-0345-20121,,,MISSING,0,,
QR420-0345-20365,,QR420-0345-20070,,,MISSING,0,,
QR420-0345-20425,,QR420-0345-21235,,,MISSING,0,,
QR420-0345-20318,,QR420-0345-20801,,,MISSING,0,,
QR420-0345-20464,,QR420-0345-20551,,,MISSING,0,,
QR420-0345-20145,,QR420-0345-20802,,,MISSING,0,,
QR420-0345-20863,,QR420-0345-20573,,,MISSING,0,,
QR420-0345-20495,,QR420-0345-20981,,,MISSING,0,,
QR420-0345-20834,,QR420-0345-20767,,,MISSING,0,,
QR420-0345-20664,,QR420-0345-20545,,,MISSING,0,,
QR420-0345-20706,,QR420-0345-20277,,,MISSING,0,,
QR420-0345-20655,,QR420-0345-20793,,,MISSING,0,,
QR420-0345-20114,,QR420-0345-20760,,,MISSING,0,,
QR420-0345-20410,,QR420-0345-20256,,,MISSING,0,,
QR420-0345-20038,,QR420-0345-20479,,,MISSING,0,,
QR420-0345-20327,,QR420-0345-20991,,,MISSING,0,,
QR420-0345-20977,,QR420-0345-20430,,,MISSING,0,,
QR420-0345-20980,,QR420-0345-20216,,,MISSING,0,,
QR420-0345-20030,,QR420-0461-20029,,,MISSING,0,,
QR420-0345-20468,,QR420-0461-20108,,,MISSING,0,,
QR420-0345-20966,,QR420-0345-20878,,,MISSING,0,,
QR420-0345-21294,,QR420-0345-20152,,,MISSING,0,,
QR420-0345-21353,,QR420-0345-20500,,,MISSING,0,,
QR420-0345-20215,,QR420-0345-20632,,,MISSING,0,,
QR420-0345-20546,,QR420-0345-20365,,,MISSING,0,,
QR420-0345-20214,,QR420-0345-20415,,,MISSING,0,,
QR420-0345-20493,,QR420-0345-20366,,,MISSING,0,,
QR420-0345-20508,,QR420-0345-20425,,,MISSING,0,,
QR420-0345-20861,,QR420-0345-20087,,,MISSING,0,,
QR420-0345-20809,,QR420-0345-20572,,,MISSING,0,,
QR420-0345-20558,,QR420-0345-20980,,,MISSING,0,,
QR420-0345-20985,,QR420-0345-20655,,,MISSING,0,,
QR420-0345-20189,,QR420-0345-20029,,,MISSING,0,,
QR420-0345-20355,,QR420-0345-20977,,,MISSING,0,,
QR420-0345-00445,,QR420-0345-20813,,,MISSING,0,,
QR420-0345-20636,,QR420-0345-20464,,,MISSING,0,,
QR420-0345-20092,,QR420-0345-20706,,,MISSING,0,,
QR420-0345-20252,,QR420-0345-20966,,,MISSING,0,,
QR420-0345-21218,,QR420-0345-20495,,,MISSING,0,,
QR420-0461-20068,,QR420-0345-20410,,,MISSING,0,,
QR420-0461-20123,,QR420-0345-20214,,,MISSING,0,,
QR420-0345-20783,,QR420-0345-20083,,,MISSING,0,,
QR420-0345-20714,,QR420-0345-21353,,,MISSING,0,,
QR420-0461-20078,,QR420-0461-20107,,,MISSING,0,,
QR420-0345-20110,,QR420-0345-20493,,,MISSING,0,,
QR420-0345-20773,,QR420-0345-20327,,,MISSING,0,,
QR420-0345-20440,,QR420-0345-20468,,,MISSING,0,,
QR420-0345-20591,,QR420-0345-20092,,,MISSING,0,,
QR420-0345-20100,,QR420-0345-20189,,,MISSING,0,,
QR420-0345-20712,,QR420-0345-21294,,,MISSING,0,,
QR420-0345-21000,,QR420-0345-20675,,,MISSING,0,,
QR420-0345-20261,,QR420-0345-20985,,,MISSING,0,,
QR420-0345-20715,,QR420-0345-00462,,,MISSING,0,,
QR420-0345-20919,,QR420-0345-20546,,,MISSING,0,,
QR420-0345-20270,,QR420-0345-20215,,,MISSING,0,,
QR420-0345-20342,,QR420-0345-20558,,,MISSING,0,,
QR420-0345-20667,,QR420-0345-20636,,,MISSING,0,,
QR420-0345-21228,,QR420-0345-21218,,,MISSING,0,,
QR420-0345-20853,,QR420-0345-20508,,,MISSING,0,,
QR420-0345-20519,,QR420-0345-20860,,,MISSING,0,,
QR420-0345-21070,,QR420-0345-00445,,,MISSING,0,,
QR420-0345-20596,,QR420-0345-20783,,,MISSING,0,,
QR420-0345-21359,,QR420-0345-20355,,,MISSING,0,,
QR420-0345-20288,,QR420-0345-20252,,,MISSING,0,,
QR420-0345-20867,,QR420-0345-20806,,,MISSING,0,,
QR420-0345-20521,,QR420-0345-00494,,,MISSING,0,,
QR420-0345-20847,,QR420-0345-20714,,,MISSING,0,,
QR420-0345-20490,,QR420-0345-20591,,,MISSING,0,,
QR420-0345-20879,,QR420-0461-20109,,,MISSING,0,,
QR420-0345-20467,,QR420-0345-20440,,,MISSING,0,,
QR420-0345-20488,,QR420-0345-20110,,,MISSING,0,,
QR420-0345-20965,,QR420-0345-20634,,,MISSING,0,,
QR420-0345-21094,,QR420-0345-20773,,,MISSING,0,,
QR420-0345-20582,,QR420-0345-20973,,,MISSING,0,,
QR420-0345-21210,,QR420-0345-20667,,,MISSING,0,,
QR420-0345-20548,,QR420-0345-21392,,,MISSING,0,,
QR420-0345-21002,,QR420-0345-20712,,,MISSING,0,,
QR420-0345-20042,,QR420-0345-21228,,,MISSING,0,,
QR420-0345-20341,,QR420-0345-20261,,,MISSING,0,,
QR420-0345-20769,,QR420-0345-20715,,,MISSING,0,,
QR420-0345-20204,,QR420-0345-20342,,,MISSING,0,,
QR420-0345-20106,,QR420-0345-00870,,,MISSING,0,,
QR420-0345-20260,,QR420-0345-20519,,,MISSING,0,,
QR420-0345-20631,,QR420-0345-21070,,,MISSING,0,,
QR420-0345-20116,,QR420-0345-20596,,,MISSING,0,,
QR420-0345-20926,,QR420-0345-21359,,,MISSING,0,,
QR420-0345-20898,,QR420-0345-20288,,,MISSING,0,,
QR420-0345-20448,,QR420-0345-20867,,,MISSING,0,,
QR420-0345-20158,,QR420-0345-20258,,,MISSING,0,,
QR420-0345-20735,,QR420-0345-20847,,,MISSING,0,,
QR420-0345-20990,,QR420-0345-20946,,,MISSING,0,,
QR420-0345-20098,,QR420-0345-20965,,,MISSING,0,,
QR420-0345-20337,,QR420-0345-20490,,,MISSING,0,,
QR420-0345-20748,,QR420-0345-21094,,,MISSING,0,,
QR420-0345-20935,,QR420-0345-20488,,,MISSING,0,,
QR420-0345-20922,,QR420-0345-20210,,,MISSING,0,,
QR420-0345-20512,,QR420-0345-20879,,,MISSING,0,,
QR420-0345-20143,,QR420-0461-20119,,,MISSING,0,,
QR420-0345-20121,,QR420-0345-20582,,,MISSING,0,,
QR420-0345-20801,,QR420-0345-20467,,,MISSING,0,,
QR420-0345-20873,,QR420-0345-21210,,,MISSING,0,,
QR420-0345-20275,,QR420-0345-20204,,,MISSING,0,,
QR420-0345-20089,,QR420-0345-20815,,,MISSING,0,,
QR420-0345-20607,,QR420-0345-20548,,,MISSING,0,,
QR420-0345-20266,,QR420-0345-21002,,,MISSING,0,,
QR420-0345-20460,,QR420-0345-20898,,,MISSING,0,,
QR420-0345-20430,,QR420-0345-20042,,,MISSING,0,,
QR420-0345-20399,,QR420-0345-20116,,,MISSING,0,,
QR420-0345-20981,,QR420-0345-20990,,,MISSING,0,,
QR420-0345-20651,,QR420-0345-20735,,,MISSING,0,,
QR420-0345-20947,,QR420-0345-20828,,,MISSING,0,,
QR420-0345-00448,,QR420-0345-20129,,,MISSING,0,,
QR420-0345-20537,,QR420-0345-20098,,,MISSING,0,,
QR420-0345-20334,,QR420-0345-20512,,,MISSING,0,,
QR420-0345-20169,,QR420-0345-20352,,,MISSING,0,,
QR420-0345-20613,,QR420-0345-20873,,,MISSING,0,,
QR420-0345-20079,,QR420-0461-20069,,,MISSING,0,,
QR420-0345-20813,,QR420-0345-20310,,,MISSING,0,,
QR420-0345-20758,,QR420-0345-20273,,,MISSING,0,,
QR420-0345-20174,,QR420-0345-20926,,,MISSING,0,,
QR420-0345-20135,,QR420-0345-20458,,,MISSING,0,,
QR420-0345-20542,,QR420-0345-20275,,,MISSING,0,,
QR420-0345-20185,,QR420-0345-20341,,,MISSING,0,,
QR420-0345-20719,,QR420-0345-20448,,,MISSING,0,,
QR420-0345-20609,,QR420-0345-20748,,,MISSING,0,,
QR420-0345-21203,,QR420-0345-20935,,,MISSING,0,,
QR420-0345-20925,,QR420-0345-20158,,,MISSING,0,,
QR420-0345-20587,,QR420-0345-20669,,,MISSING,0,,
QR420-0345-20218,,QR420-0345-20922,,,MISSING,0,,
QR420-0345-20383,,QR420-0345-20947,,,MISSING,0,,
QR420-0345-20675,,QR420-0345-20769,,,MISSING,0,,
QR420-0345-20781,,QR420-0345-20863,,,MISSING,0,,
QR420-0345-00850,,QR420-0345-20337,,,MISSING,0,,
QR420-0345-20516,,QR420-0345-20399,,,MISSING,0,,
QR420-0345-20492,,QR420-0345-20330,,,MISSING,0,,
QR420-0345-20323,,QR420-0345-20607,,,MISSING,0,,
QR420-0345-00626,,QR420-0345-00380,,,MISSING,0,,
QR420-0345-20510,,QR420-0345-20089,,,MISSING,0,,
QR420-0345-20040,,QR420-0345-20169,,,MISSING,0,,
QR420-0345-20860,,QR420-0345-20997,,,MISSING,0,,
QR420-0345-21004,,QR420-0345-20174,,,MISSING,0,,
QR420-0345-21234,,QR420-0461-20063,,,MISSING,0,,
QR420-0345-20130,,QR420-0345-20613,,,MISSING,0,,
QR420-0345-20107,,QR420-0345-20334,,,MISSING,0,,
QR420-0345-20008,,QR420-0345-20079,,,MISSING,0,,
QR420-0345-20088,,QR420-0345-20774,,,MISSING,0,,
QR420-0345-20379,,QR420-0345-20038,,,MISSING,0,,
QR420-0461-20001,,QR420-0345-20318,,,MISSING,0,,
QR420-0345-20634,,QR420-0345-20989,,,MISSING,0,,
QR420-0345-20806,,QR420-0345-20185,,,MISSING,0,,
QR420-0345-20338,,QR420-0345-20114,,,MISSING,0,,
QR420-0345-20716,,QR420-0345-20609,,,MISSING,0,,
QR420-0345-20494,,QR420-0345-21203,,,MISSING,0,,
QR420-0345-20671,,QR420-0461-20122,,,MISSING,0,,
QR420-0345-20903,,QR420-0345-20781,,,MISSING,0,,
QR420-0345-20283,,QR420-0345-20142,,,MISSING,0,,
QR420-0345-20339,,QR420-0345-20809,,,MISSING,0,,
QR420-0345-20282,,QR420-0345-20587,,,MISSING,0,,
QR420-0345-20973,,QR420-0345-20542,,,MISSING,0,,
QR420-0345-21392,,QR420-0345-20135,,,MISSING,0,,
QR420-0345-21319,,QR420-0345-20800,,,MISSING,0,,
QR420-0345-21042,,QR420-0345-20030,,,MISSING,0,,
QR420-0345-20276,,QR420-0345-20925,,,MISSING,0,,
QR420-0345-00870,,QR420-0345-20491,,,MISSING,0,,
QR420-0345-20475,,QR420-0345-20323,,,MISSING,0,,
QR420-0345-20792,,QR420-0345-20719,,,MISSING,0,,
QR420-0345-20003,,QR420-0461-20044,,,MISSING,0,,
QR420-0345-00644,,QR420-0345-20384,,,MISSING,0,,
QR420-0345-20730,,QR420-0345-20218,,,MISSING,0,,
QR420-0345-20326,,QR420-0345-20383,,,MISSING,0,,
QR420-0345-00598,,QR420-0345-21234,,,MISSING,0,,
QR420-0345-20998,,QR420-0345-20510,,,MISSING,0,,
QR420-0345-20405,,QR420-0345-20676,,,MISSING,0,,
QR420-0345-20643,,QR420-0461-20092,,,MISSING,0,,
QR420-0345-20139,,QR420-0345-20348,,,MISSING,0,,
QR420-0345-20314,,QR420-0345-20040,,,MISSING,0,,
QR420-0345-20946,,QR420-0345-21004,,,MISSING,0,,
QR420-0345-20474,,QR420-0345-20338,,,MISSING,0,,
QR420-0345-20481,,QR420-0345-00626,,,MISSING,0,,
QR420-0345-20210,,QR420-0345-20492,,,MISSING,0,,
QR440-0436-20143,,QR420-0345-20516,,,MISSING,0,,
QR420-0345-20660,,QR420-0345-21362,,,MISSING,0,,
QR420-0345-20688,,QR420-0461-20078,,,MISSING,0,,
QR420-0345-20932,,QR420-0345-20379,,,MISSING,0,,
QR420-0345-20815,,QR420-0345-20107,,,MISSING,0,,
QR420-0345-20133,,QR420-0345-20008,,,MISSING,0,,
QR420-0345-20538,,QR420-0345-20130,,,MISSING,0,,
QR420-0345-20931,,QR420-0345-00894,,,MISSING,0,,
QR420-0345-21240,,QR420-0345-21267,,,MISSING,0,,
QR420-0345-20433,,QR420-0461-20003,,,MISSING,0,,
QR420-0345-00447,,QR420-0345-20903,,,MISSING,0,,
QR420-0345-20378,,QR420-0345-20716,,,MISSING,0,,
QR420-0345-21251,,QR420-0345-20282,,,MISSING,0,,
QR420-0345-20896,,QR420-0345-20494,,,MISSING,0,,
QR420-0345-20821,,QR420-0345-21319,,,MISSING,0,,
QR420-0461-20076,,QR420-0461-20076,,,MISSING,0,,
QR420-0345-20563,,QR420-0461-20099,,,MISSING,0,,
QR420-0345-20622,,QR420-0345-20283,,,MISSING,0,,
QR420-0345-00451,,QR420-0345-20339,,,MISSING,0,,
QR420-0345-20022,,QR420-0345-21065,,,MISSING,0,,
QR420-0345-20417,,QR420-0345-20270,,,MISSING,0,,
QR420-0345-20989,,QR420-0345-20635,,,MISSING,0,,
QR420-0345-00896,,QR420-0345-21042,,,MISSING,0,,
QR420-0345-20279,,QR420-0345-20792,,,MISSING,0,,
QR420-0345-20287,,QR420-0345-20950,,,MISSING,0,,
QR420-0345-20186,,QR420-0345-20003,,,MISSING,0,,
QR420-0345-20384,,QR420-0461-20045,,,MISSING,0,,
QR420-0345-20803,,QR420-0461-20043,,,MISSING,0,,
QR420-0345-20363,,QR420-0345-20090,,,MISSING,0,,
QR420-0461-20103,,QR420-0345-20853,,,MISSING,0,,
QR420-0345-20491,,QR420-0345-20139,,,MISSING,0,,
QR420-0345-20574,,QR420-0345-20643,,,MISSING,0,,
QR420-0345-00462,,QR420-0345-20405,,,MISSING,0,,
QR420-0345-21209,,QR420-0345-20314,,,MISSING,0,,
QR420-0345-20286,,QR420-0345-20474,,,MISSING,0,,
QR420-0345-20733,,QR420-0345-20481,,,MISSING,0,,
QR420-0345-00461,,QR440-0436-20143,,,MISSING,0,,
QR420-0345-20800,,QR420-0345-20688,,,MISSING,0,,
QR420-0345-20175,,QR420-0345-20701,,,MISSING,0,,
QR420-0345-20795,,QR420-0345-20843,,,MISSING,0,,
QR420-0461-20037,,QR420-0345-20660,,,MISSING,0,,
QR420-0345-20892,,QR420-0345-20932,,,MISSING,0,,
QR420-0345-20024,,QR420-0345-20538,,,MISSING,0,,
QR420-0345-20161,,QR420-0345-20133,,,MISSING,0,,
QR420-0345-21062,,QR420-0345-21240,,,MISSING,0,,
QR420-0345-20501,,QR420-0345-20896,,,MISSING,0,,
QR420-0345-20348,,QR420-0345-20378,,,MISSING,0,,
QR420-0345-20148,,QR420-0345-20260,,,MISSING,0,,
QR420-0345-20708,,QR420-0345-20631,,,MISSING,0,,
QR420-0345-20639,,QR420-0345-20433,,,MISSING,0,,
QR420-0345-20144,,QR420-0345-20460,,,MISSING,0,,
QR420-0345-21362,,QR420-0345-21251,,,MISSING,0,,
QR420-0345-21093,,QR420-0345-20143,,,MISSING,0,,
QR420-0345-20400,,QR420-0345-00447,,,MISSING,0,,
QR420-0345-20200,,QR420-0461-20004,,,MISSING,0,,
QR420-0345-20308,,QR420-0345-20821,,,MISSING,0,,
QR420-0345-20202,,QR420-0345-20563,,,MISSING,0,,
QR420-0345-20091,,QR420-0345-20417,,,MISSING,0,,
QR420-0345-20893,,QR420-0345-20266,,,MISSING,0,,
QR420-0345-20912,,QR420-0345-00448,,,MISSING,0,,
QR420-0345-20523,,QR420-0345-00451,,,MISSING,0,,
QR420-0345-20527,,QR420-0345-20678,,,MISSING,0,,
QR420-0345-00855,,QR420-0345-20145,,,MISSING,0,,
QR420-0345-00894,,QR420-0345-20622,,,MISSING,0,,
QR420-0345-20124,,QR420-0345-20758,,,MISSING,0,,
QR420-0461-20036,,QR420-0345-20537,,,MISSING,0,,
QR420-0345-21265,,QR420-0345-20279,,,MISSING,0,,
QR420-0345-21267,,QR420-0345-20022,,,MISSING,0,,
QR420-0345-20967,,QR420-0345-20751,,,MISSING,0,,
QR420-0345-21065,,QR420-0345-20803,,,MISSING,0,,
QR420-0345-20877,,QR420-0345-21209,,,MISSING,0,,
QR420-0345-20673,,QR420-0345-20637,,,MISSING,0,,
QR420-0345-20549,,QR420-0345-20287,,,MISSING,0,,
QR420-0345-20090,,QR420-0345-20186,,,MISSING,0,,
QR420-0345-20295,,QR420-0345-20363,,,MISSING,0,,
QR420-0345-20823,,QR420-0345-00461,,,MISSING,0,,
QR420-0345-20183,,QR420-0345-20892,,,MISSING,0,,
QR420-0345-20851,,QR420-0461-20093,,,MISSING,0,,
QR420-0345-20971,,QR420-0345-20286,,,MISSING,0,,
QR420-0345-20201,,QR420-0345-20175,,,MISSING,0,,
QR420-0345-20486,,QR420-0345-20795,,,MISSING,0,,
QR420-0345-20552,,QR420-0461-20020,,,MISSING,0,,
QR420-0345-20701,,QR420-0345-20733,,,MISSING,0,,
QR420-0345-21322,,QR420-0345-20024,,,MISSING,0,,
QR420-0345-20843,,QR420-0345-00850,,,MISSING,0,,
QR420-0345-21334,,QR420-0345-20160,,,MISSING,0,,
QR420-0345-20682,,QR420-0345-21062,,,MISSING,0,,
QR420-0345-20841,,QR420-0345-21093,,,MISSING,0,,
QR420-0345-20791,,QR420-0345-20708,,,MISSING,0,,
QR420-0345-20273,,QR420-0345-20581,,,MISSING,0,,
QR420-0345-20082,,QR420-0345-20144,,,MISSING,0,,
QR420-0345-20354,,QR420-0461-20115,,,MISSING,0,,
QR420-0345-20195,,QR420-0461-20114,,,MISSING,0,,
QR420-0345-20672,,QR420-0345-20161,,,MISSING,0,,
QR420-0345-20984,,QR420-0345-20501,,,MISSING,0,,
QR420-0345-20645,,QR420-0345-20202,,,MISSING,0,,
QR420-0345-20669,,QR420-0345-20895,,,MISSING,0,,
QR420-0345-20987,,QR420-0345-20875,,,MISSING,0,,
QR420-0345-21086,,QR420-0345-20912,,,MISSING,0,,
QR420-0345-20696,,QR420-0345-20091,,,MISSING,0,,
QR420-0345-20234,,QR420-0345-21193,,,MISSING,0,,
QR420-0345-20029,,QR420-0345-20088,,,MISSING,0,,
QR420-0345-20476,,QR420-0345-20400,,,MISSING,0,,
QR420-0345-20665,,QR420-0461-20112,,,MISSING,0,,
QR420-0345-20637,,QR420-0345-20308,,,MISSING,0,,
QR420-0345-20678,,QR420-0345-20535,,,MISSING,0,,
QR420-0345-20835,,QR420-0345-20780,,,MISSING,0,,
QR420-0345-20539,,QR420-0345-21265,,,MISSING,0,,
QR420-0345-20382,,QR420-0345-20523,,,MISSING,0,,
QR420-0345-20321,,QR420-0461-20011,,,MISSING,0,,
QR420-0345-20238,,QR420-0345-20124,,,MISSING,0,,
QR420-0345-20953,,QR420-0345-00855,,,MISSING,0,,
QR420-0345-20751,,QR420-0345-20673,,,MISSING,0,,
QR420-0345-21073,,QR420-0345-21372,,,MISSING,0,,
QR420-0345-20703,,QR420-0345-20103,,,MISSING,0,,
QR420-0345-20471,,QR420-0461-20125,,,MISSING,0,,
QR420-0345-21063,,QR420-0345-20967,,,MISSING,0,,
QR420-0345-20438,,QR420-0461-20098,,,MISSING,0,,
QR420-0345-20611,,QR420-0345-20877,,,MISSING,0,,
QR420-0345-20325,,QR420-0461-20128,,,MISSING,0,,
QR420-0345-20676,,QR420-0345-20276,,,MISSING,0,,
QR420-0345-20731,,QR420-0345-20475,,,MISSING,0,,
QR420-0461-20115,,QR420-0345-20549,,,MISSING,0,,
QR420-0345-20895,,QR420-0345-00644,,,MISSING,0,,
QR420-0461-20064,,QR420-0345-20730,,,MISSING,0,,
QR420-0345-20581,,QR420-0345-20295,,,MISSING,0,,
QR420-0345-21067,,QR420-0345-20998,,,MISSING,0,,
QR420-0461-20014,,QR420-0345-20183,,,MISSING,0,,
QR420-0345-20875,,QR420-0345-20851,,,MISSING,0,,
QR420-0345-20535,,QR420-0345-20909,,,MISSING,0,,
QR420-0345-21072,,QR420-0345-20201,,,MISSING,0,,
QR420-0345-21193,,QR420-0345-20486,,,MISSING,0,,
QR420-0345-20408,,QR420-0345-21334,,,MISSING,0,,
QR420-0345-20780,,QR420-0345-20552,,,MISSING,0,,
QR420-0345-20982,,QR420-0345-20931,,,MISSING,0,,
QR420-0345-21099,,QR420-0345-20984,,,MISSING,0,,
QR420-0345-20534,,QR420-0345-20791,,,MISSING,0,,
QR420-0345-00465,,QR420-0345-20082,,,MISSING,0,,
QR420-0345-20901,,QR420-0345-20987,,,MISSING,0,,
QR420-0345-20103,,QR420-0345-20195,,,MISSING,0,,
QR420-0345-20960,,QR420-0345-20414,,,MISSING,0,,
QR420-0345-20272,,QR420-0345-20696,,,MISSING,0,,
QR420-0345-20454,,QR420-0345-21086,,,MISSING,0,,
QR420-0345-21244,,QR420-0345-20645,,,MISSING,0,,
QR420-0345-20713,,QR420-0461-20106,,,MISSING,0,,
QR420-0345-20465,,QR420-0345-20234,,,MISSING,0,,
QR420-0345-20271,,QR420-0345-20156,,,MISSING,0,,
QR420-0345-20170,,QR420-0345-20476,,,MISSING,0,,
QR420-0461-20100,,QR420-0345-20665,,,MISSING,0,,
QR420-0345-00604,,QR420-0345-20480,,,MISSING,0,,
QR420-0345-20157,,QR420-0345-20835,,,MISSING,0,,
QR420-0345-20006,,QR420-0345-20382,,,MISSING,0,,
QR420-0345-20511,,QR420-0345-20321,,,MISSING,0,,
QR420-0345-20387,,QR420-0345-20238,,,MISSING,0,,
QR420-0345-20909,,QR420-0345-20539,,,MISSING,0,,
QR420-0345-20817,,QR420-0345-20574,,,MISSING,0,,
QR420-0345-20624,,QR420-0345-00896,,,MISSING,0,,
QR420-0345-20127,,QR420-0345-21073,,,MISSING,0,,
QR420-0345-20414,,QR420-0345-20953,,,MISSING,0,,
QR420-0345-20303,,QR420-0345-20438,,,MISSING,0,,
QR420-0345-20954,,QR420-0345-20356,,,MISSING,0,,
QR420-0345-21332,,QR420-0345-20148,,,MISSING,0,,
QR420-0345-20309,,QR420-0345-20325,,,MISSING,0,,
QR420-0345-20142,,QR420-0461-20081,,,MISSING,0,,
QR420-0345-20577,,QR420-0345-20891,,,MISSING,0,,
QR420-0461-20081,,QR420-0345-20245,,,MISSING,0,,
QR420-0345-20505,,QR420-0345-20731,,,MISSING,0,,
QR420-0345-20228,,QR420-0345-20639,,,MISSING,0,,
QR420-0345-20480,,QR420-0345-21266,,,MISSING,0,,
QR420-0345-20041,,QR420-0461-20035,,,MISSING,0,,
QR420-0345-20356,,QR420-0461-20129,,,MISSING,0,,
QR420-0345-20360,,QR420-0345-20893,,,MISSING,0,,
QR420-0345-20702,,QR420-0345-20671,,,MISSING,0,,
QR420-0345-20394,,QR420-0345-21072,,,MISSING,0,,
QR420-0461-20082,,QR420-0345-20527,,,MISSING,0,,
QR420-0345-20336,,QR420-0345-20328,,,MISSING,0,,
QR420-0345-20685,,QR420-0345-20617,,,MISSING,0,,
QR420-0345-20891,,QR420-0345-00465,,,MISSING,0,,
QR420-0345-21266,,QR420-0345-20982,,,MISSING,0,,
QR420-0345-20304,,QR420-0345-20408,,,MISSING,0,,
QR420-0345-20543,,QR420-0345-21099,,,MISSING,0,,
QR420-0345-20031,,QR420-0345-20272,,,MISSING,0,,
QR420-0345-20617,,QR420-0345-20960,,,MISSING,0,,
QR420-0345-00464,,QR420-0345-20901,,,MISSING,0,,
QR420-0345-20328,,QR420-0345-21244,,,MISSING,0,,
QR420-0461-20102,,QR420-0345-21336,,,MISSING,0,,
QR420-0461-20069,,QR420-0345-20454,,,MISSING,0,,
QR420-0345-20262,,QR420-0345-20713,,,MISSING,0,,
QR420-0345-21372,,QR420-0345-20326,,,MISSING,0,,
QR420-0345-21348,,QR420-0345-20170,,,MISSING,0,,
QR420-0345-20550,,QR420-0345-20157,,,MISSING,0,,
QR420-0345-20531,,QR420-0345-20271,,,MISSING,0,,
QR420-0345-21336,,QR420-0345-00598,,,MISSING,0,,
QR420-0345-20972,,QR420-0345-21273,,,MISSING,0,,
QR420-0345-20822,,QR420-0461-20080,,,MISSING,0,,
QR420-0345-21273,,QR420-0345-20971,,,MISSING,0,,
QR420-0345-20128,,QR420-0345-20387,,,MISSING,0,,
QR420-0345-20302,,QR420-0345-20817,,,MISSING,0,,
QR420-0345-20994,,QR420-0345-20841,,,MISSING,0,,
QR420-0345-20711,,QR420-0345-20682,,,MISSING,0,,
QR420-0345-20839,,QR420-0345-20839,,,MISSING,0,,
QR420-0345-20507,,QR420-0345-20624,,,MISSING,0,,
QR420-0345-20156,,QR420-0345-20303,,,MISSING,0,,
QR420-0345-20445,,QR420-0345-20672,,,MISSING,0,,
QR420-0345-20229,,QR420-0345-20127,,,MISSING,0,,
QR420-0345-00856,,QR420-0345-21332,,,MISSING,0,,
QR420-0345-20455,,QR420-0345-20954,,,MISSING,0,,
QR420-0345-20084,,QR420-0345-20354,,,MISSING,0,,
QR420-0345-00673,,QR420-0345-20577,,,MISSING,0,,
QR420-0345-20160,,QR420-0345-20228,,,MISSING,0,,
QR420-0461-20093,,QR420-0345-20309,,,MISSING,0,,
QR420-0345-20274,,QR420-0345-20505,,,MISSING,0,,
QR420-0345-20482,,QR420-0345-20041,,,MISSING,0,,
QR420-0345-20569,,QR420-0345-20814,,,MISSING,0,,
QR420-0345-00460,,QR420-0345-20611,,,MISSING,0,,
QR420-0345-21264,,QR420-0345-20471,,,MISSING,0,,
QR420-0345-20814,,QR420-0345-20360,,,MISSING,0,,
QR420-0461-20083,,QR420-0345-21067,,,MISSING,0,,
QR420-0461-20035,,QR420-0345-20394,,,MISSING,0,,
QR420-0345-20245,,QR420-0345-20685,,,MISSING,0,,
QR420-0345-20246,,QR420-0345-20246,,,MISSING,0,,
QR420-0345-20734,,QR420-0345-20336,,,MISSING,0,,
QR420-0345-20268,,QR420-0345-20200,,,MISSING,0,,
QR420-0345-00474,,QR420-0345-20105,,,MISSING,0,,
QR420-0345-20105,,QR420-0461-20111,,,MISSING,0,,
QR420-0345-21326,,QR420-0345-20304,,,MISSING,0,,
QR420-0345-20198,,QR420-0345-00464,,,MISSING,0,,
QR420-0461-20010,,QR420-0345-20534,,,MISSING,0,,
QR420-0461-20089,,QR420-0461-20023,,,MISSING,0,,
QR420-0461-20021,,QR420-0345-21348,,,MISSING,0,,
QR420-0345-00467,,QR420-0345-21338,,,MISSING,0,,
QR420-0345-20578,,QR420-0345-20972,,,MISSING,0,,
QR420-0345-20081,,QR420-0345-20550,,,MISSING,0,,
QR420-0345-21198,,QR420-0461-20061,,,MISSING,0,,
QR420-0345-21338,,QR420-0345-20531,,,MISSING,0,,
QR420-0345-20155,,QR420-0461-20049,,,MISSING,0,,
QR420-0345-20949,,QR420-0345-20006,,,MISSING,0,,
QR420-0345-20553,,QR420-0345-20822,,,MISSING,0,,
QR420-0461-20107,,QR420-0461-20002,,,MISSING,0,,
QR420-0345-20370,,QR420-0345-20823,,,MISSING,0,,
QR420-0345-00528,,QR420-0345-20511,,,MISSING,0,,
QR420-0345-21346,,QR420-0345-20302,,,MISSING,0,,
QR420-0345-20787,,QR420-0345-20994,,,MISSING,0,,
QR420-0345-00891,,QR420-0345-20711,,,MISSING,0,,
QR420-0345-00379,,QR420-0461-20105,,,MISSING,0,,
QR420-0345-20413,,QR420-0345-20876,,,MISSING,0,,
QR420-0345-21212,,QR420-0345-20229,,,MISSING,0,,
QR420-0345-20359,,QR420-0345-20507,,,MISSING,0,,
QR420-0345-20584,,QR420-0345-20445,,,MISSING,0,,
QR420-0345-20944,,QR420-0345-20455,,,MISSING,0,,
QR420-0345-20876,,QR420-0345-00856,,,MISSING,0,,
QR420-0345-20293,,QR420-0345-20084,,,MISSING,0,,
QR420-0345-20418,,QR420-0345-20257,,,MISSING,0,,
QR420-0345-20599,,QR420-0345-20703,,,MISSING,0,,
QR420-0345-20619,,QR420-0345-20274,,,MISSING,0,,
QR420-0345-20257,,QR420-0345-21264,,,MISSING,0,,
QR420-0345-20376,,QR420-0345-00673,,,MISSING,0,,
QR420-0345-20409,,QR420-0345-00460,,,MISSING,0,,
QR420-0345-21248,,QR420-0345-20482,,,MISSING,0,,
QR420-0345-20497,,QR420-0345-20702,,,MISSING,0,,
QR420-0345-20331,,QR420-0461-20083,,,MISSING,0,,
QR420-0461-20040,,QR420-0461-20097,,,MISSING,0,,
QR420-0345-21330,,QR420-0345-20031,,,MISSING,0,,
QR420-0345-20222,,QR420-0345-00467,,,MISSING,0,,
QR420-0345-20412,,QR420-0345-20268,,,MISSING,0,,
QR420-0345-20704,,QR420-0345-20578,,,MISSING,0,,
QR420-0345-20197,,QR420-0345-21198,,,MISSING,0,,
QR420-0345-20187,,QR420-0461-20019,,,MISSING,0,,
QR420-0461-20002,,QR420-0345-20543,,,MISSING,0,,
QR420-0345-20369,,QR420-0345-21333,,,MISSING,0,,
QR420-0345-20165,,QR420-0345-20155,,,MISSING,0,,
QR420-0345-20115,,QR420-0345-20553,,,MISSING,0,,
QR420-0345-20137,,QR420-0345-20465,,,MISSING,0,,
QR420-0345-20502,,QR420-0345-21346,,,MISSING,0,,
QR420-0345-20529,,QR420-0345-20787,,,MISSING,0,,
QR420-0345-00638,,QR420-0345-20115,,,MISSING,0,,
QR420-0461-20091,,QR420-0345-00528,,,MISSING,0,,
QR420-0345-20699,,QR420-0345-21212,,,MISSING,0,,
QR420-0345-20726,,QR420-0461-20120,,,MISSING,0,,
QR420-0345-20358,,QR420-0345-20128,,,MISSING,0,,
QR420-0345-21101,,QR420-0345-20944,,,MISSING,0,,
QR420-0345-20804,,QR420-0345-20727,,,MISSING,0,,
QR420-0345-20727,,QR420-0345-20223,,,MISSING,0,,
QR420-0345-20541,,QR420-0345-20418,,,MISSING,0,,
QR420-0345-20223,,QR420-0345-20293,,,MISSING,0,,
QR420-0345-20313,,QR420-0345-20599,,,MISSING,0,,
QR420-0345-20586,,QR420-0461-20104,,,MISSING,0,,
QR420-0345-20463,,QR420-0345-20619,,,MISSING,0,,
QR420-0345-20017,,QR420-0345-21063,,,MISSING,0,,
QR420-0345-21005,,QR420-0461-20103,,,MISSING,0,,
QR420-0345-20011,,QR420-0345-20409,,,MISSING,0,,
QR420-0345-20975,,QR420-0345-20569,,,MISSING,0,,
QR420-0345-20034,,QR420-0345-20497,,,MISSING,0,,
QR420-0345-20368,,QR420-0345-20376,,,MISSING,0,,
QR420-0345-20113,,QR420-0345-20466,,,MISSING,0,,
QR420-0461-20034,,QR420-0345-20331,,,MISSING,0,,
QR420-0345-20132,,QR420-0345-20222,,,MISSING,0,,
QR420-0345-20921,,QR420-0345-21330,,,MISSING,0,,
QR420-0345-21223,,QR420-0461-20013,,,MISSING,0,,
QR420-0345-21388,,QR420-0345-20198,,,MISSING,0,,
QR420-0345-00836,,QR420-0345-21326,,,MISSING,0,,
QR420-0345-20598,,QR420-0345-00474,,,MISSING,0,,
QR420-0345-20281,,QR420-0345-20081,,,MISSING,0,,
QR420-0345-21293,,QR420-0345-20412,,,MISSING,0,,
QR420-0345-20045,,QR420-0345-20111,,,MISSING,0,,
QR420-0345-20322,,QR420-0345-20239,,,MISSING,0,,
QR420-0461-20106,,QR420-0345-20262,,,MISSING,0,,
QR420-0461-20111,,QR420-0345-20197,,,MISSING,0,,
QR420-0461-20043,,QR420-0345-20949,,,MISSING,0,,
QR420-0345-20347,,QR420-0345-20187,,,MISSING,0,,
QR420-0345-20239,,QR420-0461-20117,,,MISSING,0,,
QR420-0461-20012,,QR420-0345-20369,,,MISSING,0,,
QR420-0345-20126,,QR420-0345-20137,,,MISSING,0,,
QR420-0345-21394,,QR420-0345-20370,,,MISSING,0,,
QR420-0345-20620,,QR420-0461-20091,,,MISSING,0,,
QR420-0345-20291,,QR420-0345-00891,,,MISSING,0,,
QR420-0461-20122,,QR420-0345-20699,,,MISSING,0,,
QR420-0461-20038,,QR420-0345-20502,,,MISSING,0,,
QR420-0461-20129,,QR420-0345-00379,,,MISSING,0,,
QR420-0345-20095,,QR420-0345-20413,,,MISSING,0,,
QR420-0345-20306,,QR420-0345-20726,,,MISSING,0,,
QR420-0461-20087,,QR420-0345-20633,,,MISSING,0,,
QR420-0461-20101,,QR420-0345-20359,,,MISSING,0,,
QR420-0345-20533,,QR420-0345-20358,,,MISSING,0,,
QR420-0345-20633,,QR420-0345-21101,,,MISSING,0,,
QR420-0345-21335,,QR420-0345-21097,,,MISSING,0,,
QR420-0345-00907,,QR420-0345-20804,,,MISSING,0,,
QR420-0345-21097,,QR420-0345-20541,,,MISSING,0,,
QR420-0345-20600,,QR420-0345-20422,,,MISSING,0,,
QR420-0345-20131,,QR420-0345-20586,,,MISSING,0,,
QR420-0345-20294,,QR420-0345-20313,,,MISSING,0,,
QR420-0345-20194,,QR420-0345-20463,,,MISSING,0,,
QR420-0345-20149,,QR420-0345-21005,,,MISSING,0,,
QR420-0345-20311,,QR420-0345-20017,,,MISSING,0,,
QR420-0345-20397,,QR420-0345-20011,,,MISSING,0,,
QR420-0345-20044,,QR420-0345-21248,,,MISSING,0,,
QR420-0345-20111,,QR420-0345-20975,,,MISSING,0,,
QR420-0345-21333,,QR420-0345-20034,,,MISSING,0,,
QR420-0345-20150,,QR420-0345-20294,,,MISSING,0,,
QR420-0345-20109,,QR420-0345-20113,,,MISSING,0,,
QR420-0345-20738,,QR420-0461-20047,,,MISSING,0,,
QR420-0461-20015,,QR420-0345-20132,,,MISSING,0,,
QR420-0461-20094,,QR420-0345-20368,,,MISSING,0,,
QR420-0461-20024,,QR420-0461-20040,,,MISSING,0,,
QR420-0461-20113,,QR420-0345-20921,,,MISSING,0,,
QR420-0461-20004,,QR420-0345-20734,,,MISSING,0,,
QR420-0461-20086,,QR420-0345-21293,,,MISSING,0,,
QR420-0345-00472,,QR420-0345-20598,,,MISSING,0,,
QR420-0461-20063,,QR420-0345-21223,,,MISSING,0,,
QR420-0345-20346,,QR420-0461-20089,,,MISSING,0,,
QR420-0461-20041,,QR420-0345-20322,,,MISSING,0,,
QR420-0345-20564,,QR420-0345-20045,,,MISSING,0,,
QR420-0345-20920,,QR420-0461-20082,,,MISSING,0,,
QR420-0345-20067,,QR420-0345-20347,,,MISSING,0,,
QR420-0345-20427,,QR420-0345-20397,,,MISSING,0,,
QR420-0345-20927,,QR420-0345-21394,,,MISSING,0,,
QR420-0345-20423,,QR420-0345-20165,,,MISSING,0,,
QR420-0345-20788,,QR420-0345-20095,,,MISSING,0,,
QR420-0345-21219,,QR420-0345-00472,,,MISSING,0,,
QR420-0345-20628,,QR420-0345-20291,,,MISSING,0,,
QR420-0345-20466,,QR420-0461-20121,,,MISSING,0,,
QR420-0345-20350,,QR420-0345-00604,,,MISSING,0,,
QR420-0345-20253,,QR420-0345-20306,,,MISSING,0,,
QR420-0461-20080,,QR420-0345-00638,,,MISSING,0,,
QR420-0345-20540,,QR420-0345-20533,,,MISSING,0,,
QR420-0461-20090,,QR420-0345-21335,,,MISSING,0,,
QR420-0461-20047,,QR420-0461-20090,,,MISSING,0,,
QR420-0345-20668,,QR420-0345-20600,,,MISSING,0,,
QR420-0461-20016,,QR420-0345-20131,,,MISSING,0,,
QR420-0345-20285,,QR420-0345-20194,,,MISSING,0,,
QR420-0461-20003,,QR420-0345-20149,,,MISSING,0,,
QR420-0345-20163,,QR420-0345-20253,,,MISSING,0,,
QR420-0461-20061,,QR420-0345-21388,,,MISSING,0,,
QR420-0345-00639,,QR420-0345-20281,,,MISSING,0,,
QR420-0461-20098,,QR420-0461-20034,,,MISSING,0,,
QR420-0461-20121,,QR420-0461-20024,,,MISSING,0,,
QR420-0345-20001,,QR420-0345-20704,,,MISSING,0,,
QR420-0345-21037,,QR420-0345-20311,,,MISSING,0,,
QR420-0345-21068,,QR420-0345-20150,,,MISSING,0,,
QR420-0345-20166,,QR420-0345-00459,,,MISSING,0,,
QR420-0345-20914,,QR420-0345-20109,,,MISSING,0,,
QR420-0345-20015,,QR420-0345-21034,,,MISSING,0,,
QR420-0345-20086,,QR420-0345-20620,,,MISSING,0,,
QR420-0345-00459,,QR420-0345-20346,,,MISSING,0,,
QR420-0345-20329,,QR420-0345-20564,,,MISSING,0,,
QR420-0461-20104,,QR420-0345-20529,,,MISSING,0,,
QR420-0461-20085,,QR420-0345-20067,,,MISSING,0,,
QR420-0345-20824,,QR420-0345-00907,,,MISSING,0,,
QR420-0345-21331,,QR420-0461-20079,,,MISSING,0,,
QR420-0345-21300,,QR420-0345-20584,,,MISSING,0,,
QR420-0461-20096,,QR420-0345-21068,,,MISSING,0,,
QR420-0345-20666,,QR420-0345-20927,,,MISSING,0,,
QR420-0345-20241,,QR420-0345-20427,,,MISSING,0,,
QR420-0345-20472,,QR420-0345-20423,,,MISSING,0,,
QR420-0345-20184,,QR420-0345-20166,,,MISSING,0,,
QR420-0345-20434,,QR420-0345-20788,,,MISSING,0,,
QR420-0345-20154,,QR420-0345-21219,,,MISSING,0,,
QR420-0345-20375,,QR420-0461-20050,,,MISSING,0,,
QR420-0345-20606,,QR420-0345-20628,,,MISSING,0,,
QR420-0345-20267,,QR420-0345-20350,,,MISSING,0,,
QR420-0345-20441,,QR420-0345-20044,,,MISSING,0,,
QR420-0345-20786,,QR420-0345-20668,,,MISSING,0,,
QR420-0345-20770,,QR420-0461-20116,,,MISSING,0,,
QR420-0345-21034,,QR420-0345-20126,,,MISSING,0,,
QR420-0345-21230,,QR420-0345-21230,,,MISSING,0,,
QR420-0461-20097,,QR420-0345-20285,,,MISSING,0,,
QR420-0461-20019,,QR420-0345-20163,,,MISSING,0,,
QR420-0461-20017,,QR420-0345-20920,,,MISSING,0,,
QR420-0345-21306,,QR420-0345-00639,,,MISSING,0,,
QR420-0345-00821,,QR420-0461-20085,,,MISSING,0,,
QR420-0345-20280,,QR420-0345-20001,,,MISSING,0,,
QR420-0345-20301,,QR420-0345-21037,,,MISSING,0,,
QR420-0345-21036,,QR420-0345-20666,,,MISSING,0,,
QR420-0345-20890,,QR420-0461-20126,,,MISSING,0,,
QR420-0345-20012,,QR420-0345-20015,,,MISSING,0,,
QR420-0345-20621,,QR420-0345-20606,,,MISSING,0,,
QR420-0345-21249,,QR420-0345-00836,,,MISSING,0,,
QR420-0345-20251,,QR420-0345-20540,,,MISSING,0,,
QR420-0345-21192,,QR420-0345-20086,,,MISSING,0,,
QR420-0345-20459,,QR420-0345-20329,,,MISSING,0,,
QR420-0345-00453,,QR420-0345-20738,,,MISSING,0,,
QR420-0345-20930,,QR420-0461-20086,,,MISSING,0,,
QR420-0345-20942,,QR420-0345-21331,,,MISSING,0,,
QR420-0345-20768,,QR420-0345-21300,,,MISSING,0,,
QR420-0345-20951,,QR420-0345-00821,,,MISSING,0,,
QR420-0345-20005,,QR420-0345-20280,,,MISSING,0,,
QR420-0461-20039,,QR420-0345-20241,,,MISSING,0,,
QR420-0461-20050,,QR420-0345-20472,,,MISSING,0,,
QR420-0345-20224,,QR420-0345-20184,,,MISSING,0,,
QR420-0345-20422,,QR420-0345-20434,,,MISSING,0,,
QR420-0345-20881,,QR420-0345-20154,,,MISSING,0,,
QR420-0345-21084,,QR420-0461-20012,,,MISSING,0,,
QR420-0345-20071,,QR420-0345-20914,,,MISSING,0,,
QR420-0345-20844,,QR420-0345-20375,,,MISSING,0,,
QR420-0345-20230,,QR420-0345-20267,,,MISSING,0,,
QR420-0345-20707,,QR420-0345-20441,,,MISSING,0,,
QR420-0345-20789,,QR420-0345-20786,,,MISSING,0,,
QR420-0461-20099,,QR420-0345-20770,,,MISSING,0,,
QR420-0461-20116,,QR420-0345-20824,,,MISSING,0,,
QR420-0345-00399,,QR420-0345-21306,,,MISSING,0,,
QR420-0345-20695,,QR420-0345-20301,,,MISSING,0,,
QR420-0345-20740,,QR420-0345-21036,,,MISSING,0,,
QR420-0345-21040,,QR420-0345-20890,,,MISSING,0,,
QR420-0345-20756,,QR420-0345-20621,,,MISSING,0,,
QR420-0345-20284,,QR420-0345-21249,,,MISSING,0,,
QR420-0345-20298,,QR420-0345-20251,,,MISSING,0,,
QR420-0345-20859,,QR420-0345-20224,,,MISSING,0,,
QR420-0345-20526,,QR420-0345-21192,,,MISSING,0,,
QR420-0345-20827,,QR420-0345-20459,,,MISSING,0,,
QR420-0345-21100,,QR420-0345-20930,,,MISSING,0,,
QR420-0345-20437,,QR420-0345-20942,,,MISSING,0,,
QR420-0345-20292,,QR420-0345-20012,,,MISSING,0,,
QR420-0345-20940,,QR420-0345-20768,,,MISSING,0,,
QR420-0345-21069,,QR420-0345-20951,,,MISSING,0,,
QR420-0345-20790,,QR420-0345-20005,,,MISSING,0,,
QR420-0345-20259,,QR420-0345-20789,,,MISSING,0,,
QR420-0345-20575,,QR420-0345-00453,,,MISSING,0,,
QR420-0345-20772,,QR420-0345-20881,,,MISSING,0,,
QR420-0345-20589,,QR420-0345-20284,,,MISSING,0,,
QR420-0345-20718,,QR420-0345-21084,,,MISSING,0,,
QR420-0345-21185,,QR420-0345-20071,,,MISSING,0,,
QR420-0345-20250,,QR420-0345-20437,,,MISSING,0,,
QR420-0345-21255,,QR420-0345-20844,,,MISSING,0,,
QR420-0345-20943,,QR420-0345-20230,,,MISSING,0,,
QR420-0461-20018,,QR420-0345-20707,,,MISSING,0,,
QR420-0345-21364,,QR420-0345-00399,,,MISSING,0,,
QR420-0345-20004,,QR420-0345-20695,,,MISSING,0,,
QR420-0345-20656,,QR420-0345-20756,,,MISSING,0,,
QR420-0345-20657,,QR420-0345-21040,,,MISSING,0,,
QR420-0345-20023,,QR420-0345-20740,,,MISSING,0,,
QR420-0345-21087,,QR420-0461-20039,,,MISSING,0,,
QR420-0345-20290,,QR420-0345-20298,,,MISSING,0,,
QR420-0345-20104,,QR420-0345-20859,,,MISSING,0,,
QR420-0345-21245,,QR420-0345-20526,,,MISSING,0,,
QR420-0345-20206,,QR420-0345-20827,,,MISSING,0,,
QR420-0345-20889,,QR420-0345-21100,,,MISSING,0,,
QR420-0345-21391,,QR420-0345-20292,,,MISSING,0,,
QR420-0345-20134,,QR420-0345-20940,,,MISSING,0,,
QR420-0345-21190,,QR420-0345-21069,,,MISSING,0,,
QR420-0345-20602,,QR420-0345-20790,,,MISSING,0,,
QR420-0345-20013,,QR420-0345-20259,,,MISSING,0,,
QR420-0345-20968,,QR420-0345-20575,,,MISSING,0,,
QR420-0345-20151,,QR420-0345-20589,,,MISSING,0,,
QR420-0345-20244,,QR420-0345-20718,,,MISSING,0,,
QR420-0345-20033,,QR420-0345-20772,,,MISSING,0,,
,,QR420-0345-21185,,,MISSING,0,,
,,QR420-0461-20130,,,MISSING,0,,
,,QR420-0345-20250,,,MISSING,0,,
,,QR420-0345-21255,,,MISSING,0,,
,,QR420-0461-20018,,,MISSING,0,,
,,QR420-0345-20943,,,MISSING,0,,
,,QR420-0345-21364,,,MISSING,0,,
,,QR420-0345-20004,,,MISSING,0,,
,,QR420-0345-20656,,,MISSING,0,,
,,QR420-0345-20657,,,MISSING,0,,
,,QR420-0345-20023,,,MISSING,0,,
,,QR420-0345-21087,,,MISSING,0,,
,,QR420-0345-20104,,,MISSING,0,,
,,QR420-0345-20290,,,MISSING,0,,
,,QR420-0345-21245,,,MISSING,0,,
,,QR420-0345-20206,,,MISSING,0,,
,,QR420-0345-20889,,,MISSING,0,,
,,QR420-0345-21391,,,MISSING,0,,
,,QR420-0345-20134,,,MISSING,0,,
,,QR420-0345-21190,,,MISSING,0,,
,,QR420-0345-20602,,,MISSING,0,,
,,QR420-0345-20013,,,MISSING,0,,
,,QR420-0345-20968,,,MISSING,0,,
,,QR420-0345-20151,,,MISSING,0,,
,,QR420-0345-20244,,,MISSING,0,,
,,QR420-0461-20022,,,MISSING,0,,
,,QR420-0345-20033,,,MISSING,0,,
,,QR420-0461-20124,,,MISSING,0,,
